{
    "vehicle1": {
        "start_position": {
            "x": 18.0,
            "y": 28.5,
            "z": 0.5
        },
        "speed_kmh": 24.1401,
        "yaw": -110.3069077450427,
        "trajectory": [
            [
                17.999999958908234,
                28.499999888955667
            ],
            [
                15.57422812555383,
                24.740044270428402
            ],
            [
                12.783247743132348,
                20.120853646366363
            ],
            [
                9.87432624562991,
                15.249057481037728
            ],
            [
                7.107204521937038,
                10.765906800418248
            ],
            [
                4.656533187500252,
                7.1165835010544045
            ],
            [
                1.7774332513437907,
                2.588263297669572
            ],
            [
                -3.138818094328144e-10,
                -7.690417191952292e-10
            ],
            [
                -2.0369619541767685,
                -4.991189466745429
            ],
            [
                -4.054579463751887,
                -9.89633163273411
            ],
            [
                -5.668164706547265,
                -13.719820840635368
            ],
            [
                -7.574075566897733,
                -18.174383350573738
            ]
        ]
    },
    "vehicle2": {
        "start_position": {
            "x": -43.37,
            "y": -94.36,
            "z": 0.5
        },
        "speed_kmh": 74.3743239228304,
        "yaw": 62.876602335229784,
        "trajectory": [
            [
                -43.37000000351707,
                -94.36000000686604
            ],
            [
                -40.83683767906648,
                -89.43677036690626
            ],
            [
                -38.5362624439797,
                -84.9421927968189
            ],
            [
                -36.65356109353984,
                -81.23528200110209
            ],
            [
                -34.41001718919671,
                -76.64537090863755
            ],
            [
                -32.09409069709497,
                -71.81354331847652
            ],
            [
                -30.30043152729995,
                -68.03814362135925
            ],
            [
                -28.216709125681387,
                -63.62008813359228
            ],
            [
                -25.887751685436346,
                -58.66251015280154
            ],
            [
                -23.518446615019254,
                -53.60727394743401
            ],
            [
                -21.313502673041434,
                -48.89586861913931
            ],
            [
                -19.477834402641086,
                -44.97023105706859
            ],
            [
                -17.362309687151686,
                -40.36451231847534
            ],
            [
                -15.496399837214554,
                -36.19061128313564
            ],
            [
                -13.635572297200397,
                -31.945148925378504
            ],
            [
                -11.491449039826577,
                -27.030591030514213
            ],
            [
                -9.258148258966479,
                -21.893724771562486
            ],
            [
                -7.129751018936533,
                -16.98126449179051
            ],
            [
                -5.300751059410855,
                -12.740913979672683
            ],
            [
                -3.6173139893138018,
                -8.764718637993644
            ],
            [
                -1.5248646552607283,
                -3.704838776419345
            ],
            [
                -3.138818094328144e-10,
                -7.690417191952292e-10
            ],
            [
                1.7122303810729291,
                4.166473968880121
            ],
            [
                3.631790248652516,
                8.859595290197328
            ],
            [
                5.269170912905047,
                13.018323767643189
            ],
            [
                7.231453400637729,
                18.017731795730565
            ]
        ]
    },
    "crash_point": {
        "x": 0.0,
        "y": 0.0
    }
}