{
    "vehicle1": {
        "start_position": {
            "x": -33.31024985560494,
            "y": -4.137564991799509,
            "z": 0.5
        },
        "speed_kmh": 24.1401,
        "yaw": 14.791089400754442,
        "trajectory": [
            [
                -34.33160190357906,
                -0.2694669776167169
            ],
            [
                -29.497286385296015,
                1.0070099981598757
            ],
            [
                -24.662970867012966,
                2.2834869739364683
            ],
            [
                -19.82865534872993,
                3.5599639497130573
            ],
            [
                -14.994339830446883,
                4.83644092548965
            ],
            [
                -14.513309730696854,
                4.963454531586367
            ],
            [
                -12.069339361812254,
                1.5072698404992777
            ],
            [
                -5.626631792533585,
                2.0574094526395177
            ],
            [
                0.0,
                0.0
            ],
            [
                3.372993654263599,
                -4.4463549231828505
            ],
            [
                4.814826279892514,
                -10.599198451121099
            ],
            [
                4.82124647332307,
                -13.559808609844122
            ]
        ]
    },
    "vehicle2": {
        "start_position": {
            "x": 70.0,
            "y": 16.0,
            "z": 0.5
        },
        "speed_kmh": 51.24252064255898,
        "yaw": -164.16745037165643,
        "trajectory": [
            [
                69.94154285610765,
                16.20613611515151
            ],
            [
                65.13122707434512,
                14.84200192830394
            ],
            [
                60.32091129258257,
                13.477867741456375
            ],
            [
                55.51059551082004,
                12.113733554608807
            ],
            [
                50.7002797290575,
                10.749599367761242
            ],
            [
                45.889963947294966,
                9.385465180913673
            ],
            [
                41.079648165532426,
                8.021330994066108
            ],
            [
                36.269332383769886,
                6.657196807218539
            ],
            [
                31.459016602007353,
                5.293062620370974
            ],
            [
                26.648700820244812,
                3.9289284335234056
            ],
            [
                21.83838503848228,
                2.5647942466758407
            ],
            [
                17.028069256719743,
                1.200660059828273
            ],
            [
                12.217753474957203,
                -0.16347412701929365
            ],
            [
                8.762967514217081,
                -1.1432001681150439
            ],
            [
                8.735208994542836,
                4.412087420836596
            ],
            [
                3.4570688835581747,
                1.9363947873513894
            ],
            [
                0.0,
                0.0
            ],
            [
                -4.264786389582713,
                -0.1581816332898658
            ],
            [
                -10.097758420304526,
                -0.717412289189836
            ],
            [
                -11.730884009010797,
                -0.17037663617197207
            ]
        ]
    },
    "crash_point": {
        "x": 0.0,
        "y": 0.0
    }
}