{
    "vehicle1": {
        "start_position": {
            "x": -33.0,
            "y": -5.5,
            "z": 0.5
        },
        "speed_kmh": 24.1401,
        "yaw": 19.341054027718233,
        "trajectory": [
            [
                -32.92650316053287,
                -5.709392926192754
            ],
            [
                -28.20868373853727,
                -4.053440058070855
            ],
            [
                -18.77304489454608,
                -0.7415343218270589
            ],
            [
                -13.48128728328696,
                -1.5786770332032618
            ],
            [
                -6.287748056808699,
                -0.004729151224286188
            ],
            [
                0.0,
                0.0
            ],
            [
                5.06878638703177,
                -1.222661060459544
            ],
            [
                9.620408500425816,
                -6.058753772250428
            ]
        ]
    },
    "vehicle2": {
        "start_position": {
            "x": -40.5,
            "y": 103.0,
            "z": 0.5
        },
        "speed_kmh": 80.64156693780282,
        "yaw": -64.83696083685815,
        "trajectory": [
            [
                -38.24513912849762,
                104.05928085008539
            ],
            [
                -36.11916158014204,
                99.5337732029934
            ],
            [
                -31.86720648343089,
                90.48275790880945
            ],
            [
                -29.741228935075313,
                85.95725026171746
            ],
            [
                -27.61525138671974,
                81.43174261462548
            ],
            [
                -23.363296290008584,
                72.38072732044152
            ],
            [
                -21.23731874165301,
                67.85521967334954
            ],
            [
                -17.264777420236395,
                59.382696701446335
            ],
            [
                -15.018232847021913,
                54.55647637019894
            ],
            [
                -12.659259910978347,
                49.47024978974405
            ],
            [
                -10.447624590768841,
                44.68402129194143
            ],
            [
                -6.68760658821577,
                36.48801695350233
            ],
            [
                -4.605678069661332,
                31.94207660593619
            ],
            [
                -2.523749551106892,
                27.396136258370053
            ],
            [
                1.6401074860019844,
                18.304255563237785
            ],
            [
                -0.6956844221335088,
                13.373091896222418
            ],
            [
                0.6453118092077891,
                8.39832534331008
            ],
            [
                0.0,
                0.0
            ],
            [
                1.101652620728495,
                -5.712815694561783
            ]
        ]
    },
    "crash_point": {
        "x": 0.0,
        "y": 0.0
    }
}