{
    "vehicle1": {
        "start_position": {
            "x": 62.7,
            "y": -67.8,
            "z": 0.5
        },
        "speed_kmh": 120.7005,
        "yaw": 133.8493823376508,
        "trajectory": [
            [
                62.70000001557809,
                -67.80000001621667
            ],
            [
                58.87143968461765,
                -63.75052663132811
            ],
            [
                55.31443662135897,
                -59.968247441286486
            ],
            [
                52.29068792107852,
                -56.72549824519191
            ],
            [
                48.98792063969314,
                -53.16882794235989
            ],
            [
                45.58475330343582,
                -49.505500285251195
            ],
            [
                42.1815859671785,
                -45.84217262814251
            ],
            [
                38.77841863092118,
                -42.178844971033804
            ],
            [
                35.37525129466386,
                -38.51551731392511
            ],
            [
                31.972083958406547,
                -34.85218965681642
            ],
            [
                28.568916622149224,
                -31.18886199970772
            ],
            [
                25.165749285891906,
                -27.525534342599023
            ],
            [
                22.15565690800589,
                -24.2717222974618
            ],
            [
                18.848166195365124,
                -20.676170282112004
            ],
            [
                15.17037108066014,
                -16.667235549081028
            ],
            [
                11.37918879921319,
                -12.524670568792102
            ],
            [
                7.732703729254709,
                -8.529453710182898
            ],
            [
                4.48929842240743,
                -4.962874798392374
            ],
            [
                1.7724897348352227,
                -1.9597283109281094
            ],
            [
                -3.586499541796684e-09,
                3.899622846859074e-09
            ],
            [
                -3.454398589488838,
                3.7599316246517076
            ],
            [
                -7.198048169211274,
                7.842622979280298
            ],
            [
                -10.969968508986828,
                11.964867695841388
            ],
            [
                -14.509462490116643,
                15.843778444555209
            ]
        ]
    },
    "vehicle2": {
        "start_position": {
            "x": -67.6,
            "y": 75.1,
            "z": 0.5
        },
        "speed_kmh": 131.90123243300087,
        "yaw": -49.44857033646159,
        "trajectory": [
            [
                -67.60000000425163,
                75.10000000496898
            ],
            [
                -63.951510792374066,
                70.89593374691374
            ],
            [
                -60.54788762683409,
                66.98563224447034
            ],
            [
                -57.63663497318502,
                63.65822008027648
            ],
            [
                -54.834263935358145,
                60.47160203188512
            ],
            [
                -51.427153042043194,
                56.598870900317344
            ],
            [
                -47.735535113443404,
                52.40968574872784
            ],
            [
                -44.094311552658446,
                48.29071674011653
            ],
            [
                -40.837486199629005,
                44.62763733266171
            ],
            [
                -38.11181551562067,
                41.59258199564806
            ],
            [
                -34.94781824930202,
                38.080799770949945
            ],
            [
                -31.357614131183077,
                34.10167032045753
            ],
            [
                -27.594518413320408,
                29.939280864290797
            ],
            [
                -23.91240324024608,
                25.878361378997244
            ],
            [
                -20.564797063839706,
                22.203273172369165
            ],
            [
                -17.767404564104577,
                19.156626286073337
            ],
            [
                -14.709477016741063,
                15.84498289707293
            ],
            [
                -11.152896126335913,
                12.001168021144828
            ],
            [
                -7.356860135561872,
                7.906393866457632
            ],
            [
                -3.582004748893555,
                3.8434797602488486
            ],
            [
                -0.08929562658419865,
                0.09561577194258808
            ],
            [
                2.9045784159803896,
                -3.154404552483579
            ],
            [
                5.819454197371082,
                -6.3117244278662135
            ],
            [
                9.289029105048451,
                -10.062741550283546
            ],
            [
                13.055001381727028,
                -14.126257702889731
            ]
        ]
    },
    "crash_point": {
        "x": 0.0,
        "y": 0.0
    }
}