{
    "vehicle1": {
        "start_position": {
            "x": -17.900153102384735,
            "y": -41.05370522516185,
            "z": 0.5
        },
        "speed_kmh": 32.1868,
        "yaw": 63.52624768781425,
        "trajectory": [
            [
                -17.90015310238473,
                -41.05370522516184
            ],
            [
                -15.899171454222941,
                -36.46448689419413
            ],
            [
                -13.89818980606115,
                -31.875268563226417
            ],
            [
                -11.897208157899364,
                -27.286050232258702
            ],
            [
                -9.896226509737572,
                -22.696831901290984
            ],
            [
                -7.895244861575783,
                -18.10761357032327
            ],
            [
                -5.894263213413991,
                -13.518395239355552
            ],
            [
                -3.8932815652522024,
                -8.929176908387836
            ],
            [
                -1.8922999170904116,
                -4.33995857742012
            ],
            [
                0.0,
                -4.440892098500626e-16
            ],
            [
                64.68983817966958,
                32.014369928824834
            ],
            [
                66.07583431359629,
                36.81843224281894
            ],
            [
                67.461830447523,
                41.62249455681305
            ],
            [
                68.84782658144971,
                46.426556870807616
            ]
        ]
    },
    "vehicle2": {
        "start_position": {
            "x": 1.0,
            "y": 4.0,
            "z": 0.5
        },
        "speed_kmh": 2.7759715465954615,
        "yaw": -116.47077391422404,
        "trajectory": [
            [
                0.973036141392388,
                3.946800452066906
            ],
            [
                0.0,
                -4.440892098500626e-16
            ],
            [
                -2.2289389460008264,
                -4.475693373657396
            ],
            [
                -4.457877892001653,
                -8.951386747314793
            ],
            [
                -6.686816838002478,
                -13.427080120972189
            ],
            [
                -8.915755784003306,
                -17.902773494629585
            ]
        ]
    },
    "crash_point": {
        "x": 0.0,
        "y": 0.0
    }
}