{
    "vehicle1": {
        "start_position": {
            "x": 22.35,
            "y": -1.0,
            "z": 0.5
        },
        "speed_kmh": 10,
        "yaw": -176.68549192348655,
        "trajectory": [
            [
                22.340885950183743,
                -0.842627207654667
            ],
            [
                16.859232331479546,
                -1.1448515935246828
            ],
            [
                11.555763022058429,
                -1.3958486261726197
            ],
            [
                4.196367479137597,
                0.5635497502900679
            ],
            [
                -3.776506745924239,
                0.511368532384489
            ],
            [
                -13.901600967035108,
                1.9403152431037842
            ]
        ]
    },
    "vehicle2": {
        "start_position": {
            "x": -25.0,
            "y": 115.0,
            "z": 0.5
        },
        "speed_kmh": 45,
        "yaw": -80.92594218925706,
        "trajectory": [
            [
                -25.170716798018667,
                114.97273437449651
            ],
            [
                -23.533746259358605,
                104.94514603327947
            ],
            [
                -22.621750694209084,
                99.45717719565887
            ],
            [
                -21.786019152890642,
                94.47165787934452
            ],
            [
                -20.41136902483943,
                86.89634485666166
            ],
            [
                -18.338931528886505,
                76.87503158938603
            ],
            [
                -17.19513085978608,
                71.3989082446014
            ],
            [
                -16.11148489072984,
                66.25624118318406
            ],
            [
                -14.243530673627529,
                57.69546144410036
            ],
            [
                -13.015297402710715,
                52.351838223707546
            ],
            [
                -11.244470861998357,
                45.152322601485054
            ],
            [
                -9.946684993403363,
                40.00848008732632
            ],
            [
                -8.558244000993398,
                34.601460022709276
            ],
            [
                -7.220344147112086,
                29.54290997321171
            ],
            [
                -4.76888519000801,
                20.94843181675059
            ],
            [
                -2.7118281764994174,
                13.86737123290683
            ],
            [
                -3.346449899945606,
                7.516895686809427
            ],
            [
                0.0,
                0.0
            ],
            [
                2.1258850899842727,
                -9.955304282491664
            ]
        ]
    },
    "crash_point": {
        "x": 0.0,
        "y": 0.0
    }
}