{
    "vehicle1": {
        "start_position": {
            "x": 110.86,
            "y": -125.72,
            "z": 0.5
        },
        "speed_kmh": 120.5682989206835,
        "yaw": 131.71580017771163,
        "trajectory": [
            [
                110.85999999999946,
                -125.71999999999937
            ],
            [
                107.50107622443888,
                -122.01602383826564
            ],
            [
                104.1421524488783,
                -118.3120476765319
            ],
            [
                100.78322867331774,
                -114.60807151479816
            ],
            [
                97.42430489775718,
                -110.90409535306443
            ],
            [
                94.0653811221966,
                -107.2001191913307
            ],
            [
                90.70645734663603,
                -103.49614302959695
            ],
            [
                87.34753357107547,
                -99.79216686786323
            ],
            [
                83.9886097955149,
                -96.08819070612948
            ],
            [
                80.62968601995433,
                -92.38421454439575
            ],
            [
                77.27076224439377,
                -88.68023838266203
            ],
            [
                73.9118384688332,
                -84.97626222092828
            ],
            [
                70.55291469327263,
                -81.27228605919454
            ],
            [
                67.19399091771207,
                -77.56830989746081
            ],
            [
                63.835067142151495,
                -73.86433373572707
            ],
            [
                60.850071820845244,
                -70.56846835714873
            ],
            [
                57.5829707565406,
                -66.91212692917725
            ],
            [
                53.96788034370233,
                -62.8269881348852
            ],
            [
                50.25134745039306,
                -58.597959683340605
            ],
            [
                46.681090134663755,
                -54.51117602746064
            ],
            [
                43.503362050996756,
                -50.85094131927327
            ],
            [
                40.578465907903016,
                -47.446844153247305
            ],
            [
                37.32856044076975,
                -43.64685431228521
            ],
            [
                34.07865497363649,
                -39.8468644713231
            ],
            [
                30.82874950650322,
                -36.046874630361
            ],
            [
                27.578844039369955,
                -32.246884789398905
            ],
            [
                24.328938572236694,
                -28.446894948436807
            ],
            [
                21.07903310510343,
                -24.646905107474705
            ],
            [
                17.829127637970167,
                -20.846915266512607
            ],
            [
                14.579222170836903,
                -17.046925425550505
            ],
            [
                11.32931670370364,
                -13.246935584588407
            ],
            [
                8.079411236570374,
                -9.446945743626308
            ],
            [
                4.82950576943711,
                -5.646955902664209
            ],
            [
                1.5796003023038443,
                -1.8469660617021102
            ],
            [
                3.9879211044535623e-13,
                -4.627409566637652e-13
            ],
            [
                -3.1652496798725442,
                3.7649708557964976
            ],
            [
                -5.891489752798857,
                6.810574136092034
            ],
            [
                -9.43832944160729,
                10.556540697167907
            ],
            [
                -13.31329407356898,
                14.572893078109018
            ]
        ]
    },
    "vehicle2": {
        "start_position": {
            "x": 95.99,
            "y": -109.04,
            "z": 0.5
        },
        "speed_kmh": 104.6071,
        "yaw": 131.71580017771163,
        "trajectory": [
            [
                95.98999999999981,
                -109.03999999999982
            ],
            [
                92.62619507140825,
                -105.34037520215131
            ],
            [
                89.26239014281666,
                -101.6407504043028
            ],
            [
                85.89858521422508,
                -97.94112560645429
            ],
            [
                82.5347802856335,
                -94.24150080860576
            ],
            [
                79.17097535704191,
                -90.54187601075726
            ],
            [
                75.80717042845033,
                -86.84225121290875
            ],
            [
                72.44336549985876,
                -83.14262641506023
            ],
            [
                69.07956057126717,
                -79.44300161721172
            ],
            [
                65.71575564267559,
                -75.7433768193632
            ],
            [
                62.45296106475042,
                -72.15657337708475
            ],
            [
                59.46458731150094,
                -68.8465812534599
            ],
            [
                55.99909803090184,
                -64.95844930735417
            ],
            [
                52.300866155929164,
                -60.77472475353139
            ],
            [
                48.6173998923891,
                -56.58135381522989
            ],
            [
                45.19614459214926,
                -52.66410583726492
            ],
            [
                42.28122859961116,
                -49.30467809569901
            ],
            [
                39.1138249091421,
                -45.61340029826856
            ],
            [
                35.85891394167916,
                -41.817618186982116
            ],
            [
                32.60400297421623,
                -38.02183607569568
            ],
            [
                29.349092006753292,
                -34.22605396440924
            ],
            [
                26.094181039290355,
                -30.430271853122797
            ],
            [
                22.839270071827414,
                -26.634489741836358
            ],
            [
                19.584359104364474,
                -22.83870763054992
            ],
            [
                16.32944813690154,
                -19.042925519263477
            ],
            [
                13.074537169438601,
                -15.247143407977038
            ],
            [
                9.819626201975662,
                -11.4513612966906
            ],
            [
                6.564715234512726,
                -7.65557918540416
            ],
            [
                3.3098042670497865,
                -3.8597970741177203
            ],
            [
                3.9879211044535623e-13,
                -4.627409566637652e-13
            ],
            [
                -3.1652496798725442,
                3.7649708557964976
            ],
            [
                -5.891489752798857,
                6.810574136092034
            ],
            [
                -9.43832944160729,
                10.556540697167907
            ],
            [
                -13.31329407356898,
                14.572893078109018
            ]
        ]
    },
    "crash_point": {
        "x": 0.0,
        "y": 0.0
    }
}