{
    "vehicle1": {
        "start_position": {
            "x": -25.2,
            "y": 64.3,
            "z": 0.5
        },
        "speed_kmh": 48.2802,
        "yaw": -67.8313618274156,
        "trajectory": [
            [
                -25.19999999999984,
                64.2999999999996
            ],
            [
                -23.375382873677097,
                59.64433011021578
            ],
            [
                -21.550765747354355,
                54.98866022043196
            ],
            [
                -19.726148621031612,
                50.332990330648144
            ],
            [
                -17.901531494708877,
                45.67732044086432
            ],
            [
                -16.076914368386134,
                41.0216505510805
            ],
            [
                -14.252297242063396,
                36.36598066129668
            ],
            [
                -12.427680115740653,
                31.71031077151286
            ],
            [
                -10.60306298941791,
                27.05464088172904
            ],
            [
                -8.778445863095172,
                22.39897099194522
            ],
            [
                -6.953828736772429,
                17.7433011021614
            ],
            [
                -5.129211610449688,
                13.087631212377579
            ],
            [
                -3.3045944841269472,
                8.431961322593757
            ],
            [
                -1.4799773578042066,
                3.7762914328099377
            ],
            [
                -1.3589129821411916e-13,
                3.4283687000424834e-13
            ],
            [
                1.8866696954993918,
                -4.630386318665044
            ],
            [
                3.7733393909989195,
                -9.26077263733046
            ],
            [
                5.660009086498447,
                -13.891158955995847
            ],
            [
                7.546678781997975,
                -18.521545274661264
            ]
        ]
    },
    "vehicle2": {
        "start_position": {
            "x": 47.0,
            "y": -108.9,
            "z": 0.5
        },
        "speed_kmh": 82.83530346149104,
        "yaw": 113.11154595993436,
        "trajectory": [
            [
                46.99999992677235,
                -108.899999828416
            ],
            [
                44.914552238563374,
                -104.12371423098777
            ],
            [
                42.67866470510666,
                -98.99489596769685
            ],
            [
                40.53583172646979,
                -94.0840787834667
            ],
            [
                38.7295518266864,
                -89.96180608704421
            ],
            [
                36.76307069961696,
                -85.46406952974742
            ],
            [
                34.76073273657537,
                -80.88231050361078
            ],
            [
                32.758394773533794,
                -76.30055147747416
            ],
            [
                30.756056810492204,
                -71.71879245133752
            ],
            [
                28.753718847450617,
                -67.13703342520088
            ],
            [
                26.75138088440903,
                -62.55527439906425
            ],
            [
                24.749042921367447,
                -57.973515372927615
            ],
            [
                22.74670495832586,
                -53.391756346790984
            ],
            [
                20.744366995284274,
                -48.809997320654354
            ],
            [
                18.742029032242687,
                -44.22823829451772
            ],
            [
                16.895208534283984,
                -40.00612229414381
            ],
            [
                14.981760090024618,
                -35.58150016618848
            ],
            [
                12.823051888915883,
                -30.536421016802322
            ],
            [
                10.660099163242709,
                -25.44867340293618
            ],
            [
                8.733631161548674,
                -20.895505354685127
            ],
            [
                6.983058817896823,
                -16.72257853125599
            ],
            [
                5.056309210725155,
                -12.108522935244416
            ],
            [
                3.1295596035534876,
                -7.4944673392328385
            ],
            [
                1.20280999638182,
                -2.8804117432212335
            ],
            [
                -1.3589129821411916e-13,
                3.4283687000424834e-13
            ],
            [
                -1.8866696954996636,
                4.630386318665758
            ],
            [
                -3.7733393909991912,
                9.26077263733116
            ],
            [
                -5.660009086498719,
                13.891158955996561
            ],
            [
                -7.546678781998247,
                18.521545274661946
            ]
        ]
    },
    "crash_point": {
        "x": 0.0,
        "y": 0.0
    }
}