{
    "vehicle1": {
        "start_position": {
            "x": 8.0,
            "y": -11.0,
            "z": 0.5
        },
        "speed_kmh": 8.0467,
        "yaw": 134.61028899363413,
        "trajectory": [
            [
                6.893210528477361,
                -12.091834770030502
            ],
            [
                1.1500709724343106,
                -5.457050069767662
            ],
            [
                0.0,
                0.0
            ],
            [
                0.784420832557582,
                6.106778621653796
            ]
        ]
    },
    "vehicle2": {
        "start_position": {
            "x": -63.0,
            "y": 63.0,
            "z": 0.5
        },
        "speed_kmh": 50.517203766299815,
        "yaw": -37.75616993807003,
        "trajectory": [
            [
                -63.45199659856871,
                62.416368793068294
            ],
            [
                -58.444559312895095,
                58.34200927696305
            ],
            [
                -54.372560296150915,
                54.797915883333495
            ],
            [
                -49.80550513214381,
                50.59885213370434
            ],
            [
                -46.12978635439255,
                47.2092958991971
            ],
            [
                -38.77834879889004,
                40.43018343018265
            ],
            [
                -35.10263002113879,
                37.04062719567541
            ],
            [
                -31.426911243387533,
                33.65107096116819
            ],
            [
                -27.75119246563628,
                30.261514726660955
            ],
            [
                -22.974978159295663,
                25.857138886650752
            ],
            [
                -15.75110710251959,
                19.025628721580137
            ],
            [
                -11.742369253722526,
                15.149818773062652
            ],
            [
                -7.103657092952066,
                10.573339425267577
            ],
            [
                -5.965582294908382,
                4.88117867765985
            ],
            [
                0.0,
                0.0
            ],
            [
                3.4358672732462976,
                -4.046174555399567
            ]
        ]
    },
    "crash_point": {
        "x": 0.0,
        "y": 0.0
    }
}