{
    "vehicle1": {
        "start_position": {
            "x": -37.3,
            "y": 70.2,
            "z": 0.5
        },
        "speed_kmh": 91.39028665542325,
        "yaw": -52.80816309789,
        "trajectory": [
            [
                -37.29999973239641,
                70.19999964734099
            ],
            [
                -34.769539003889776,
                65.36331984434071
            ],
            [
                -32.6512199741341,
                61.016028993311906
            ],
            [
                -30.648200437422283,
                56.92771126892956
            ],
            [
                -27.994712157981912,
                52.05437271351281
            ],
            [
                -25.49516612033867,
                47.415935584453116
            ],
            [
                -23.436675324240664,
                43.44578850140848
            ],
            [
                -20.602657818092574,
                38.63993886045884
            ],
            [
                -18.403836589819626,
                34.556854622396564
            ],
            [
                -15.97064521840409,
                30.10392268140955
            ],
            [
                -13.212758891615493,
                25.218865064274812
            ],
            [
                -11.088560311691033,
                21.09551820501593
            ],
            [
                -8.789632571155897,
                16.675824321981793
            ],
            [
                -6.155268586039731,
                11.792841257330217
            ],
            [
                -4.191008038745331,
                7.785865076959864
            ],
            [
                -1.7013208033820195,
                3.110892288601563
            ],
            [
                2.2364776697259003e-10,
                -2.878755012147849e-10
            ],
            [
                2.9812796584516237,
                -3.8373372623654403
            ],
            [
                5.783869731967368,
                -7.425224138503323
            ],
            [
                9.07894548048121,
                -11.627148035481795
            ],
            [
                12.42654713092923,
                -15.886084785101527
            ]
        ]
    },
    "vehicle2": {
        "start_position": {
            "x": 32.0,
            "y": -37.0,
            "z": 0.5
        },
        "speed_kmh": 56.3269,
        "yaw": 128.4441893951184,
        "trajectory": [
            [
                32.0,
                -37.0
            ],
            [
                28.714949128276096,
                -33.22387703979279
            ],
            [
                25.429898256552185,
                -29.44775407958557
            ],
            [
                22.144847384828278,
                -25.671631119378358
            ],
            [
                18.859796513104367,
                -21.895508159171147
            ],
            [
                15.57474564138046,
                -18.119385198963933
            ],
            [
                12.505133413127497,
                -14.59967498937575
            ],
            [
                8.919709312090479,
                -10.399279415585678
            ],
            [
                5.563128901416241,
                -6.48333894774583
            ],
            [
                2.636925787586856,
                -3.096757021426968
            ],
            [
                2.2364776697259003e-10,
                -2.878755012147849e-10
            ],
            [
                -3.4112820529148826,
                4.391315918090154
            ],
            [
                -6.313029656037342,
                8.128117835764243
            ],
            [
                -9.2380163592509,
                11.910852430784363
            ],
            [
                -12.601823413489189,
                16.25749879313212
            ]
        ]
    },
    "crash_point": {
        "x": 0.0,
        "y": 0.0
    }
}