{
    "vehicle1": {
        "start_position": {
            "x": -1.0,
            "y": -10.46,
            "z": 0.5
        },
        "speed_kmh": 8.0467,
        "yaw": 104.75597701183435,
        "trajectory": [
            [
                -1.0000000000000036,
                -10.459999999999996
            ],
            [
                -0.463918507784177,
                -5.506369066892374
            ],
            [
                -0.013590562699079989,
                -0.23470333948990674
            ],
            [
                -1.4251316717272697,
                5.395139393022142
            ],
            [
                -2.7563586216070495,
                10.42944763298689
            ],
            [
                -3.9205069598460263,
                14.824940172305151
            ],
            [
                -5.201137316661162,
                19.658157101970477
            ]
        ]
    },
    "vehicle2": {
        "start_position": {
            "x": 30.0,
            "y": -92.12,
            "z": 0.5
        },
        "speed_kmh": 74.18065055736382,
        "yaw": 108.67898603376915,
        "trajectory": [
            [
                29.999999994186858,
                -92.11999998280504
            ],
            [
                28.12335964332831,
                -86.99622946280704
            ],
            [
                26.568517990445372,
                -82.68541440245636
            ],
            [
                24.922091897444,
                -77.96178621766316
            ],
            [
                23.275665804442625,
                -73.23815803286993
            ],
            [
                21.62923971144125,
                -68.51452984807673
            ],
            [
                19.98281361843988,
                -63.79090166328352
            ],
            [
                18.33638752543851,
                -59.0672734784903
            ],
            [
                16.689961432437137,
                -54.343645293697094
            ],
            [
                15.184687280608582,
                -50.00222190987948
            ],
            [
                13.525694985610556,
                -44.9417350001582
            ],
            [
                11.827405051920255,
                -39.58479187717233
            ],
            [
                10.339553945212534,
                -34.79513981207471
            ],
            [
                8.98528298992158,
                -30.273283746935544
            ],
            [
                7.5638998962359905,
                -25.47713401940687
            ],
            [
                6.142516802550401,
                -20.680984291878197
            ],
            [
                4.721133708864813,
                -15.884834564349523
            ],
            [
                3.2997506151792226,
                -11.08868483682085
            ],
            [
                1.8883344751303142,
                -6.330381962150387
            ],
            [
                0.5755030339880527,
                -1.9516031668040494
            ],
            [
                -1.8578809601876856e-09,
                7.03699876147823e-09
            ],
            [
                -1.4251316717272697,
                5.395139393022142
            ],
            [
                -2.7563586216070495,
                10.42944763298689
            ],
            [
                -3.9205069598460263,
                14.824940172305151
            ],
            [
                -5.201137316661162,
                19.658157101970477
            ]
        ]
    },
    "crash_point": {
        "x": 0.0,
        "y": 0.0
    }
}