{
    "vehicle1": {
        "start_position": {
            "x": -57.87,
            "y": 82.24,
            "z": 0.5
        },
        "speed_kmh": 72.4203,
        "yaw": -52.301883801071085,
        "trajectory": [
            [
                -57.86999984468521,
                82.23999979903252
            ],
            [
                -54.86160382197133,
                77.83491189255912
            ],
            [
                -52.544228663986615,
                74.18748912544638
            ],
            [
                -49.990788581926914,
                69.96475317988101
            ],
            [
                -47.138107225742836,
                65.1607210611719
            ],
            [
                -44.45839081648906,
                60.53409786523722
            ],
            [
                -42.34270600440292,
                56.67341933211789
            ],
            [
                -39.96744457105165,
                51.83145884011504
            ],
            [
                -37.85762238863107,
                48.066465809212595
            ],
            [
                -35.11305893260034,
                43.683502515644335
            ],
            [
                -32.07213432136713,
                38.99661381710995
            ],
            [
                -29.287220442520972,
                34.793095149987124
            ],
            [
                -26.89636783472218,
                31.324842575047693
            ],
            [
                -23.774782354887947,
                27.143011372110763
            ],
            [
                -20.347182848517715,
                22.714205117242074
            ],
            [
                -17.223710973090746,
                18.741218063020945
            ],
            [
                -14.51301729716832,
                15.39415915152376
            ],
            [
                -10.939061950183655,
                11.32766705621659
            ],
            [
                -7.268726874336179,
                7.309987319879481
            ],
            [
                -4.262007959134282,
                4.132220008663431
            ],
            [
                -0.5759410804294778,
                0.544843419425757
            ],
            [
                -2.585282843359238e-07,
                2.2089325657503878e-07
            ],
            [
                4.275826771326767,
                -3.601462934658545
            ],
            [
                7.991005496903565,
                -6.6281536785782755
            ],
            [
                11.478046393465615,
                -9.321519529102627
            ],
            [
                15.760193799223678,
                -12.533716082934975
            ]
        ]
    },
    "vehicle2": {
        "start_position": {
            "x": 79.44,
            "y": -61.69,
            "z": 0.5
        },
        "speed_kmh": 72.18972554591089,
        "yaw": 135.7778421854262,
        "trajectory": [
            [
                79.44000001105721,
                -61.69000001076098
            ],
            [
                75.77398761786172,
                -58.132997966572475
            ],
            [
                72.78707581654866,
                -55.331897072329085
            ],
            [
                68.95261501843052,
                -52.121187489221455
            ],
            [
                64.75582227192534,
                -48.79767998708687
            ],
            [
                61.0702862476135,
                -45.957450950437625
            ],
            [
                57.10357998589777,
                -42.91348892437018
            ],
            [
                53.13687372418204,
                -39.86952689830272
            ],
            [
                49.1701674624663,
                -36.825564872235276
            ],
            [
                45.20346120075057,
                -33.78160284616782
            ],
            [
                41.23675493903483,
                -30.73764082010037
            ],
            [
                37.64575458072502,
                -28.078551164980873
            ],
            [
                33.21495137034682,
                -25.089571122007833
            ],
            [
                28.719764239543476,
                -22.094209150377758
            ],
            [
                25.17600081201263,
                -19.592417584851205
            ],
            [
                21.203836466490838,
                -16.683315964025677
            ],
            [
                16.73564047678366,
                -13.370637513571467
            ],
            [
                12.361924447894468,
                -10.077399746630118
            ],
            [
                8.667056020641626,
                -7.2214268000999216
            ],
            [
                5.185866107017262,
                -4.388156307551158
            ],
            [
                0.9767827281285759,
                -0.8382554850798734
            ],
            [
                -2.585282845579684e-07,
                2.2089325613094957e-07
            ],
            [
                -3.981876481685002,
                3.4588658162370596
            ],
            [
                -7.1821976752691326,
                6.402760530684968
            ],
            [
                -10.990977152583193,
                10.14463623330251
            ],
            [
                -14.851121982326447,
                14.085794191969365
            ]
        ]
    },
    "crash_point": {
        "x": 0.0,
        "y": 0.0
    }
}