{
    "vehicle1": {
        "start_position": {
            "x": -11.0,
            "y": -25.4,
            "z": 0.5
        },
        "speed_kmh": 4.82802,
        "yaw": 108.9304703626941,
        "trajectory": [
            [
                -11.759181771951217,
                -25.66037722056308
            ],
            [
                -13.740426358107554,
                -19.963593185574616
            ],
            [
                -10.51236209198816,
                -12.511094273217227
            ],
            [
                -8.747273769631473,
                -7.667521379662988
            ],
            [
                -5.134111179396029,
                -3.5420299783296754
            ],
            [
                0.0,
                0.0
            ],
            [
                6.231795722720825,
                2.7685236170616405
            ]
        ]
    },
    "vehicle2": {
        "start_position": {
            "x": -50.5,
            "y": 115.0,
            "z": 0.5
        },
        "speed_kmh": 19.55301409225864,
        "yaw": -63.38573828584886,
        "trajectory": [
            [
                -50.49975488942133,
                115.00012284128748
            ],
            [
                -48.15229079087753,
                110.30971200750082
            ],
            [
                -43.98624224458434,
                101.91051227512942
            ],
            [
                -41.70635092944124,
                97.19253487441787
            ],
            [
                -37.45185107165101,
                88.02630191030137
            ],
            [
                -35.107886482393134,
                82.9355842950928
            ],
            [
                -32.84111166656217,
                77.99091977344196
            ],
            [
                -30.2656121475014,
                72.33295311368586
            ],
            [
                -28.241440784934845,
                67.73270064301734
            ],
            [
                -26.146058646035556,
                62.84591259053773
            ],
            [
                -24.0961834400784,
                57.97319208319401
            ],
            [
                -22.066353889179794,
                53.135381281363436
            ],
            [
                -19.90527967387661,
                47.96016244430906
            ],
            [
                -17.819314835555637,
                42.92239468689071
            ],
            [
                -15.461572619123203,
                37.11375179130602
            ],
            [
                -13.616374903351538,
                32.4666833059275
            ],
            [
                -9.925979572399518,
                23.172546320640087
            ],
            [
                -8.080781906923509,
                18.525477827996376
            ],
            [
                -6.235584241447498,
                13.878409335352664
            ],
            [
                -3.0098787336493746,
                5.754578099110063
            ],
            [
                0.0,
                0.0
            ],
            [
                2.7700911545981994,
                -7.652121003106737
            ],
            [
                4.6610598249390325,
                -12.957618349338633
            ]
        ]
    },
    "crash_point": {
        "x": 0.0,
        "y": 0.0
    }
}