{
    "vehicle1": {
        "start_position": {
            "x": -12.0,
            "y": -33.525,
            "z": 0.5
        },
        "speed_kmh": 24.1401,
        "yaw": 93.15220942651584,
        "trajectory": [
            [
                -15.842816847634808,
                -33.73663164229312
            ],
            [
                -16.145254606201654,
                -28.244953264766536
            ],
            [
                -16.4201980230806,
                -23.252518376105993
            ],
            [
                -16.722635781647448,
                -17.76083999857941
            ],
            [
                -13.970632833196321,
                -13.17515689012737
            ],
            [
                -13.564931481153707,
                -7.9418796250397365
            ],
            [
                -11.191613923609781,
                -3.0798484407613644
            ],
            [
                -6.848394552471568,
                0.12245583176123098
            ],
            [
                -1.2478837196823944,
                0.2656944416563063
            ],
            [
                4.116360840932963,
                0.9077559994216992
            ]
        ]
    },
    "vehicle2": {
        "start_position": {
            "x": -7.991984846971512,
            "y": 122.6149716244216,
            "z": 0.5
        },
        "speed_kmh": 68.81663068638366,
        "yaw": -87.03812809326223,
        "trajectory": [
            [
                -7.755976502978241,
                122.62718281743689
            ],
            [
                -7.497619523329574,
                117.6338621116273
            ],
            [
                -7.239262543680905,
                112.6405414058177
            ],
            [
                -6.955069866067372,
                107.14788862942716
            ],
            [
                -6.6967128864187035,
                102.15456792361756
            ],
            [
                -6.412520208805169,
                96.66191514722702
            ],
            [
                -6.154163229156502,
                91.66859444141743
            ],
            [
                -5.895806249507835,
                86.67527373560783
            ],
            [
                -5.637449269859168,
                81.68195302979824
            ],
            [
                -5.379092290210501,
                76.68863232398864
            ],
            [
                -5.120735310561832,
                71.69531161817905
            ],
            [
                -4.862378330913165,
                66.70199091236945
            ],
            [
                -4.604021351264496,
                61.70867020655986
            ],
            [
                -4.345664371615829,
                56.715349500750264
            ],
            [
                -4.087307391967162,
                51.72202879494067
            ],
            [
                -3.8031147143536277,
                46.22937601855013
            ],
            [
                -3.544757734704959,
                41.23605531274053
            ],
            [
                -3.2864007550562917,
                36.24273460693094
            ],
            [
                -3.0022080774427593,
                30.7500818305404
            ],
            [
                -2.7438510977940904,
                25.756761124730804
            ],
            [
                -2.4854941181454215,
                20.76344041892121
            ],
            [
                -2.2271371384967544,
                15.770119713111615
            ],
            [
                -1.9687801588480873,
                10.77679900730202
            ],
            [
                -1.6877545961366494,
                5.3531519894825585
            ],
            [
                -0.1782878962653618,
                0.41175860809533615
            ],
            [
                -1.1556250341808454,
                -4.495722621258526
            ],
            [
                -0.8340147286222761,
                -10.10807041720264
            ]
        ]
    },
    "crash_point": {
        "x": 0.0,
        "y": 0.0
    }
}