{
    "vehicle1": {
        "start_position": {
            "x": -113.0,
            "y": -91.0,
            "z": 0.5
        },
        "speed_kmh": 104.6071,
        "yaw": 39.13822330196178,
        "trajectory": [
            [
                -113.0,
                -90.99999999999999
            ],
            [
                -109.12514958539593,
                -87.84000613610588
            ],
            [
                -105.25029917079186,
                -84.68001227221175
            ],
            [
                -101.3754487561878,
                -81.52001840831764
            ],
            [
                -97.50059834158371,
                -78.36002454442351
            ],
            [
                -93.62574792697964,
                -75.20003068052938
            ],
            [
                -89.75089751237557,
                -72.04003681663526
            ],
            [
                -85.8760470977715,
                -68.88004295274115
            ],
            [
                -82.00119668316744,
                -65.72004908884703
            ],
            [
                -78.12634626856337,
                -62.56005522495291
            ],
            [
                -74.2514958539593,
                -59.40006136105878
            ],
            [
                -70.37664543935523,
                -56.24006749716466
            ],
            [
                -66.50179502475116,
                -53.08007363327054
            ],
            [
                -62.62694461014709,
                -49.92007976937642
            ],
            [
                -58.75209419554302,
                -46.7600859054823
            ],
            [
                -54.877243780938954,
                -43.600092041588184
            ],
            [
                -51.002393366334886,
                -40.44009817769405
            ],
            [
                -47.12754295173082,
                -37.28010431379993
            ],
            [
                -43.66647007863595,
                -34.465691587980885
            ],
            [
                -39.751415689279284,
                -31.313034965874323
            ],
            [
                -35.42381731897584,
                -27.84714309449583
            ],
            [
                -31.091130753732042,
                -24.388803285544356
            ],
            [
                -27.161951065674106,
                -21.259738395214363
            ],
            [
                -23.92601337210666,
                -18.687930140628538
            ],
            [
                -20.14133572238622,
                -15.69377603267998
            ],
            [
                -15.804790034247436,
                -12.275861437743544
            ],
            [
                -11.477548500201914,
                -8.87798786046915
            ],
            [
                -7.719321271841401,
                -5.942852374792724
            ],
            [
                -4.420285082932931,
                -3.3922198651015316
            ],
            [
                -0.3964114721475358,
                -0.3035590557994974
            ],
            [
                4.433750916102339,
                3.3829084927210635
            ],
            [
                8.806398518621535,
                6.711249577894133
            ],
            [
                12.702890008108287,
                9.671199185263463
            ],
            [
                16.173861991684653,
                12.29345674343783
            ]
        ]
    },
    "vehicle2": {
        "start_position": {
            "x": 55.0,
            "y": 42.0,
            "z": 0.5
        },
        "speed_kmh": 49.810188993154874,
        "yaw": -145.76568637022183,
        "trajectory": [
            [
                54.99999999999999,
                41.99999999999999
            ],
            [
                50.945072089767265,
                39.07131862012258
            ],
            [
                46.89014417953453,
                36.142637240245165
            ],
            [
                42.835216269301796,
                33.213955860367754
            ],
            [
                39.26364722239222,
                30.576507248916982
            ],
            [
                35.074395449272174,
                27.44929739151016
            ],
            [
                30.593215686183367,
                24.08152081491513
            ],
            [
                26.23217406468292,
                20.78099977363548
            ],
            [
                22.40806225719465,
                17.858789607563594
            ],
            [
                18.87503164584394,
                15.121458742877628
            ],
            [
                14.662450344436934,
                11.805046410377537
            ],
            [
                11.35599768902069,
                9.122396748838469
            ],
            [
                7.3539727069269025,
                5.9045061740524485
            ],
            [
                3.003212692283677,
                2.414569347408057
            ],
            [
                2.843177293598842e-08,
                2.1725548027262676e-08
            ],
            [
                -4.080349307230058,
                -3.1240801224438766
            ],
            [
                -7.427741176478698,
                -5.703077286916645
            ],
            [
                -11.108895017043661,
                -8.569458595004917
            ],
            [
                -15.410323149128061,
                -11.939129636953407
            ]
        ]
    },
    "crash_point": {
        "x": 0.0,
        "y": 0.0
    }
}