{
    "vehicle1": {
        "start_position": {
            "x": 46.5,
            "y": -92.0,
            "z": 0.5
        },
        "speed_kmh": 88.5137,
        "yaw": 84.52863374157074,
        "trajectory": [
            [
                46.50000001056971,
                -91.9999998896513
            ],
            [
                46.95182320370404,
                -86.77823996059197
            ],
            [
                47.20450058626237,
                -81.5942418081053
            ],
            [
                47.184824200661446,
                -77.03084856290941
            ],
            [
                46.85201657525263,
                -71.73935171433452
            ],
            [
                46.277380941525344,
                -67.11159331438877
            ],
            [
                45.37383207094471,
                -61.92947555857065
            ],
            [
                44.32080892773048,
                -57.43951613983518
            ],
            [
                42.8576661465862,
                -52.14013468713512
            ],
            [
                41.44451711368023,
                -47.97773391499687
            ],
            [
                39.416124604034636,
                -43.09559082949034
            ],
            [
                37.1881209288161,
                -38.1882240952838
            ],
            [
                35.163929959913055,
                -34.28426041949726
            ],
            [
                32.27505520376015,
                -29.62391731488765
            ],
            [
                29.56573509160606,
                -25.695624119578387
            ],
            [
                26.456041810169133,
                -21.842765920348793
            ],
            [
                22.806950188265446,
                -17.662456285419392
            ],
            [
                19.691087446393094,
                -14.385666601404047
            ],
            [
                15.69304187002703,
                -10.846248635627978
            ],
            [
                11.70612203426749,
                -7.609613431882304
            ],
            [
                7.794734391514461,
                -4.844517041508393
            ],
            [
                3.158609622711512,
                -1.862358988053651
            ],
            [
                1.7000827507995808e-06,
                -8.355415430649771e-07
            ],
            [
                -4.92684082592957,
                2.24783673066944
            ],
            [
                -9.580463786987325,
                4.159104328731476
            ],
            [
                -14.369159785721251,
                5.583658784411534
            ],
            [
                -19.37871278748884,
                6.929437486223519
            ]
        ]
    },
    "vehicle2": {
        "start_position": {
            "x": -78.0,
            "y": 2.0,
            "z": 0.5
        },
        "speed_kmh": 65.12222117362143,
        "yaw": 24.643321166005503,
        "trajectory": [
            [
                -78.00000029045292,
                1.9999998667545564
            ],
            [
                -73.57855413975246,
                3.8104752166295723
            ],
            [
                -68.5049533005338,
                5.528190423562714
            ],
            [
                -63.444693064196834,
                6.982976227107361
            ],
            [
                -58.5758691767678,
                7.882757456367014
            ],
            [
                -53.11050268421495,
                8.627438222451541
            ],
            [
                -48.609029099812695,
                9.097642899452424
            ],
            [
                -43.05370839500093,
                9.536343849728578
            ],
            [
                -38.3196996830153,
                9.65584734495897
            ],
            [
                -32.91628804246724,
                9.385367570709283
            ],
            [
                -27.88958007206932,
                8.936951038818195
            ],
            [
                -22.70576266873023,
                8.024595064147576
            ],
            [
                -18.05540097883405,
                6.900914239972324
            ],
            [
                -12.792760327417659,
                5.355742754882294
            ],
            [
                -8.130018218569456,
                3.7641931083162987
            ],
            [
                -3.590440643134294,
                1.7200770440978383
            ],
            [
                1.7000827506885585e-06,
                -8.355415432870217e-07
            ],
            [
                4.091783320397001,
                -2.3004991251038938
            ],
            [
                8.825288085696686,
                -5.235741200629619
            ],
            [
                12.619477071633419,
                -7.849818471216863
            ],
            [
                16.862484942462608,
                -11.184218974432662
            ]
        ]
    },
    "crash_point": {
        "x": 0.0,
        "y": 0.0
    }
}