{
    "vehicle1": {
        "start_position": {
            "x": 60.0,
            "y": -104.0,
            "z": 0.5
        },
        "speed_kmh": 88.5137,
        "yaw": 121.12888542859699,
        "trajectory": [
            [
                59.99999999999989,
                -103.99999999999983
            ],
            [
                57.361814621615615,
                -99.75219306271956
            ],
            [
                54.723629243231336,
                -95.5043861254393
            ],
            [
                52.08544386484706,
                -91.25657918815902
            ],
            [
                49.44725848646278,
                -87.00877225087876
            ],
            [
                46.8090731080785,
                -82.76096531359849
            ],
            [
                44.433274503976264,
                -78.91479265799053
            ],
            [
                41.759006764241704,
                -74.46229715102038
            ],
            [
                38.9055214182686,
                -69.64204519326998
            ],
            [
                36.241867225221974,
                -65.11419269031711
            ],
            [
                34.08799564852088,
                -61.45037334487286
            ],
            [
                31.653089347096433,
                -57.226569130975726
            ],
            [
                28.89810062015968,
                -52.38493236927992
            ],
            [
                26.302327163202776,
                -47.80298982924977
            ],
            [
                24.226107882055086,
                -44.141586026811915
            ],
            [
                21.82514723701531,
                -39.866111035047226
            ],
            [
                19.122608383350887,
                -35.01638385900268
            ],
            [
                16.48435098837121,
                -30.25555862322476
            ],
            [
                14.274159806801746,
                -26.24278099797838
            ],
            [
                11.928980381425013,
                -21.92361705733548
            ],
            [
                9.544017333878154,
                -17.52863843065674
            ],
            [
                7.159054286331292,
                -13.133659803978004
            ],
            [
                4.774091238784431,
                -8.738681177299263
            ],
            [
                2.5803688019785356,
                -4.711688412391583
            ],
            [
                0.1886886378690873,
                -0.344303268450207
            ],
            [
                -2.627578216083842,
                4.915132483801421
            ],
            [
                -5.153637895697111,
                9.616982493469662
            ],
            [
                -7.273552396153507,
                13.534853405206672
            ],
            [
                -9.661498162349949,
                17.927769864428775
            ]
        ]
    },
    "vehicle2": {
        "start_position": {
            "x": 22.0,
            "y": -40.0,
            "z": 0.5
        },
        "speed_kmh": 33.646105430468985,
        "yaw": 118.54603119566234,
        "trajectory": [
            [
                22.000000004767035,
                -40.000000008763
            ],
            [
                19.29384566093471,
                -35.16459277901367
            ],
            [
                16.63823216918406,
                -30.393185177077907
            ],
            [
                14.397150820074275,
                -26.345323719128395
            ],
            [
                12.062120708057048,
                -22.066334134393504
            ],
            [
                9.668681272698402,
                -17.675819394956388
            ],
            [
                7.275241837339761,
                -13.285304655519278
            ],
            [
                4.8818024019811155,
                -8.894789916082162
            ],
            [
                2.6695037532224926,
                -4.852332139354001
            ],
            [
                0.2871059748971936,
                -0.5217150676318104
            ],
            [
                -4.1179773813126985e-08,
                7.722213446470505e-08
            ],
            [
                -2.627578216083842,
                4.915132483801421
            ],
            [
                -5.153637895697111,
                9.616982493469662
            ],
            [
                -7.273552396153507,
                13.534853405206672
            ],
            [
                -9.661498162349949,
                17.927769864428775
            ]
        ]
    },
    "crash_point": {
        "x": 0.0,
        "y": 0.0
    }
}