{
    "vehicle1": {
        "start_position": {
            "x": 46.44,
            "y": -30.82,
            "z": 0.5
        },
        "speed_kmh": 40.2335,
        "yaw": 145.33220004773295,
        "trajectory": [
            [
                44.73645646225024,
                -33.28318588178889
            ],
            [
                40.62413723984557,
                -30.43909892583255
            ],
            [
                36.511818017440895,
                -27.595011969876207
            ],
            [
                32.399498795036216,
                -24.750925013919865
            ],
            [
                28.287179572631544,
                -21.906838057963522
            ],
            [
                24.174860350226865,
                -19.062751102007184
            ],
            [
                20.062541127822193,
                -16.21866414605084
            ],
            [
                15.950221905417514,
                -13.374577190094499
            ],
            [
                11.837902683012842,
                -10.53049023413816
            ],
            [
                8.064101570469496,
                -7.920522977685255
            ],
            [
                8.33610104988507,
                -6.297989829947798
            ],
            [
                3.4051564126919684,
                -2.626587157643222
            ],
            [
                0.0,
                0.0
            ],
            [
                -3.252510763689918,
                2.022230179727962
            ],
            [
                -7.566217622416298,
                4.804804237735999
            ],
            [
                -9.538135315675897,
                5.937118270914738
            ]
        ]
    },
    "vehicle2": {
        "start_position": {
            "x": -21.8,
            "y": -65.0,
            "z": 0.5
        },
        "speed_kmh": 51.955696242290216,
        "yaw": 90.0001417042143,
        "trajectory": [
            [
                -23.300317203970188,
                -65.00000371059217
            ],
            [
                -23.300329569995704,
                -60.00000371060745
            ],
            [
                -23.30034193602122,
                -55.00000371062274
            ],
            [
                -23.300354302046735,
                -50.00000371063803
            ],
            [
                -23.30036027928186,
                -47.583206529687196
            ],
            [
                -23.300360209990828,
                -47.58320652961531
            ],
            [
                -22.754350377007974,
                -42.19033773541265
            ],
            [
                -21.7511151083228,
                -36.91604922367164
            ],
            [
                -21.632896110880402,
                -36.40296388347054
            ],
            [
                -21.63289607243034,
                -36.40296386865477
            ],
            [
                -20.13957963146796,
                -31.39559326521762
            ],
            [
                -18.426236133729745,
                -26.451743802922287
            ],
            [
                -18.272163990847776,
                -26.02399742248691
            ],
            [
                -18.272163976715348,
                -26.02399741133938
            ],
            [
                -16.223859199307515,
                -21.576732432789257
            ],
            [
                -16.223859231172142,
                -21.576732435461707
            ],
            [
                -13.554814206941657,
                -17.348707050174802
            ],
            [
                -10.88576918271117,
                -13.120681664887897
            ],
            [
                -8.384339871055044,
                -9.158175774890013
            ],
            [
                -6.91359268241861,
                -10.087399366584929
            ],
            [
                -3.11345736420429,
                -4.513460526134166
            ],
            [
                0.0,
                0.0
            ],
            [
                2.2013185034555898,
                4.00875381405119
            ],
            [
                4.105708347299775,
                7.537971708036465
            ],
            [
                5.9069054276494555,
                10.876162861402321
            ],
            [
                7.796171969836365,
                14.307776641151037
            ],
            [
                9.963412446403034,
                18.1152618016694
            ],
            [
                12.599406041655572,
                22.58268510782438
            ],
            [
                15.896539420088244,
                27.99668894963033
            ],
            [
                16.924260808937973,
                29.983091779450824
            ]
        ]
    },
    "crash_point": {
        "x": 0.0,
        "y": 0.0
    }
}