{
    "vehicle1": {
        "start_position": {
            "x": 103.0,
            "y": -2.0,
            "z": 0.5
        },
        "speed_kmh": 72.4203,
        "yaw": -174.62551194405512,
        "trajectory": [
            [
                103.00000003091905,
                -1.9999999970911793
            ],
            [
                97.82086805393708,
                -2.4575322493331457
            ],
            [
                93.515801430043,
                -3.007947151681574
            ],
            [
                88.09114145236727,
                -3.8934471699679003
            ],
            [
                83.6711995830993,
                -4.488263415630457
            ],
            [
                78.63629960013257,
                -5.089995821009316
            ],
            [
                73.06424053779907,
                -5.72421186197301
            ],
            [
                67.8943535505719,
                -6.239383834338836
            ],
            [
                63.63757242140648,
                -6.525703337091808
            ],
            [
                58.50061032194512,
                -6.749140760383815
            ],
            [
                52.887428871922744,
                -6.9190159690779405
            ],
            [
                47.73039380047056,
                -6.99499944396738
            ],
            [
                43.460481636601756,
                -6.938140292053005
            ],
            [
                38.19571788548713,
                -6.746624462443718
            ],
            [
                32.62438516135616,
                -6.441620094438308
            ],
            [
                27.925667730619676,
                -6.040784504769262
            ],
            [
                23.301662799255112,
                -5.4064362116838796
            ],
            [
                17.80221048997213,
                -4.506375096172027
            ],
            [
                12.62314317221941,
                -3.5299384693485356
            ],
            [
                8.368967063664721,
                -2.517072210581241
            ],
            [
                3.1592377217340655,
                -0.9959749470703161
            ],
            [
                -7.918679545415586e-09,
                2.42956099683056e-09
            ],
            [
                -4.306861755088735,
                1.3842617894374103
            ],
            [
                -9.255628702733546,
                3.225776502741417
            ],
            [
                -14.007073764196656,
                5.174984833656648
            ],
            [
                -18.499616388299454,
                7.457978627458427
            ]
        ]
    },
    "vehicle2": {
        "start_position": {
            "x": -52.0,
            "y": 42.0,
            "z": 0.5
        },
        "speed_kmh": 47.21085958685191,
        "yaw": -49.025663932009394,
        "trajectory": [
            [
                -52.000000000000036,
                42.000000000000036
            ],
            [
                -48.946263100353455,
                38.02968545153285
            ],
            [
                -45.892526200706875,
                34.05937090306567
            ],
            [
                -42.838789301060295,
                30.089056354598483
            ],
            [
                -39.91034763076942,
                26.693724629835515
            ],
            [
                -36.00962065947298,
                22.818616288996402
            ],
            [
                -32.36329589118305,
                19.39463574993542
            ],
            [
                -29.01229361898477,
                16.514248617288505
            ],
            [
                -24.607970796180833,
                13.181977182376912
            ],
            [
                -20.837397491426263,
                10.4145134707548
            ],
            [
                -16.422264487631693,
                7.584057756284094
            ],
            [
                -12.378081150838815,
                5.34692197855175
            ],
            [
                -7.422300115544557,
                3.058009536253482
            ],
            [
                -3.0248255081215962,
                1.168519758383679
            ],
            [
                -7.918679489904434e-09,
                2.4295612188751647e-09
            ],
            [
                5.334653352737055,
                -1.5687878064489904
            ],
            [
                10.164321797687771,
                -2.8190108667805784
            ],
            [
                14.616918499946422,
                -3.6805181896386028
            ],
            [
                20.075069330488873,
                -4.569088275269529
            ]
        ]
    },
    "crash_point": {
        "x": 0.0,
        "y": 0.0
    }
}