{
    "vehicle1": {
        "start_position": {
            "x": 103.87,
            "y": 116.96,
            "z": 0.5
        },
        "speed_kmh": 112.6538,
        "yaw": -131.62440309614794,
        "trajectory": [
            [
                103.87000000000026,
                116.96000000000026
            ],
            [
                100.54986739541567,
                113.22145461218653
            ],
            [
                97.22973479083106,
                109.48290922437278
            ],
            [
                93.90960218624649,
                105.74436383655905
            ],
            [
                90.58946958166187,
                102.00581844874529
            ],
            [
                87.2693369770773,
                98.26727306093154
            ],
            [
                83.9492043724927,
                94.52872767311779
            ],
            [
                80.62907176790812,
                90.79018228530404
            ],
            [
                77.30893916332352,
                87.0516368974903
            ],
            [
                73.98880655873891,
                83.31309150967655
            ],
            [
                70.66867395415433,
                79.57454612186282
            ],
            [
                67.34854134956974,
                75.83600073404907
            ],
            [
                64.02840874498514,
                72.09745534623532
            ],
            [
                60.70827614040056,
                68.35890995842156
            ],
            [
                57.38814353581596,
                64.62036457060783
            ],
            [
                54.06801093123137,
                60.881819182794075
            ],
            [
                50.74787832664678,
                57.14327379498033
            ],
            [
                47.427745722062184,
                53.40472840716659
            ],
            [
                44.10761311747759,
                49.66618301935284
            ],
            [
                40.787480512893,
                45.92763763153909
            ],
            [
                37.46734790830841,
                42.18909224372534
            ],
            [
                34.14721530372382,
                38.450546855911604
            ],
            [
                30.827082699139225,
                34.71200146809785
            ],
            [
                27.506950094554632,
                30.9734560802841
            ],
            [
                24.186817489970043,
                27.234910692470365
            ],
            [
                20.866684885385435,
                23.496365304656614
            ],
            [
                17.546552280800846,
                19.757819916842863
            ],
            [
                14.226419676216253,
                16.019274529029126
            ],
            [
                10.90628707163166,
                12.280729141215376
            ],
            [
                7.586154467047068,
                8.542183753401627
            ],
            [
                4.266021862462477,
                4.803638365587875
            ],
            [
                0.9458892578778846,
                1.065092977774139
            ],
            [
                -2.2648549702353193e-13,
                -2.5490720645393594e-13
            ],
            [
                -3.321223251901116,
                -3.7375762348124217
            ],
            [
                -6.642446503802005,
                -7.475152469624617
            ],
            [
                -9.963669755702895,
                -11.212728704436813
            ],
            [
                -13.284893007603799,
                -14.950304939249008
            ]
        ]
    },
    "vehicle2": {
        "start_position": {
            "x": 81.63,
            "y": 91.92,
            "z": 0.5
        },
        "speed_kmh": 88.50082567331242,
        "yaw": -131.62440309614794,
        "trajectory": [
            [
                81.63000000000018,
                91.9200000000002
            ],
            [
                78.30992290550462,
                88.18140528572812
            ],
            [
                74.98984581100909,
                84.44281057145602
            ],
            [
                71.66976871651353,
                80.70421585718394
            ],
            [
                68.34969162201799,
                76.96562114291184
            ],
            [
                65.02961452752244,
                73.22702642863975
            ],
            [
                61.70953743302689,
                69.48843171436766
            ],
            [
                58.38946033853134,
                65.74983700009558
            ],
            [
                55.0693832440358,
                62.01124228582349
            ],
            [
                51.749306149540246,
                58.2726475715514
            ],
            [
                48.4292290550447,
                54.534052857279306
            ],
            [
                45.109151960549156,
                50.79545814300721
            ],
            [
                41.78907486605361,
                47.05686342873513
            ],
            [
                38.468997771558065,
                43.31826871446304
            ],
            [
                35.14892067706251,
                39.57967400019094
            ],
            [
                31.828843582566968,
                35.841079285918866
            ],
            [
                28.508766488071423,
                32.10248457164677
            ],
            [
                25.188689393575874,
                28.363889857374676
            ],
            [
                21.86861229908033,
                24.625295143102594
            ],
            [
                18.54853520458478,
                20.8867004288305
            ],
            [
                15.228458110089221,
                17.148105714558408
            ],
            [
                11.908381015593672,
                13.409511000286313
            ],
            [
                8.588303921098127,
                9.670916286014233
            ],
            [
                5.2682268266025805,
                5.932321571742139
            ],
            [
                1.9481497321070336,
                2.193726857470045
            ],
            [
                -2.2648549702353193e-13,
                -2.5490720645393594e-13
            ],
            [
                -3.321223251901116,
                -3.7375762348124217
            ],
            [
                -6.642446503802005,
                -7.475152469624617
            ],
            [
                -9.963669755702895,
                -11.212728704436813
            ],
            [
                -13.284893007603799,
                -14.950304939249008
            ]
        ]
    },
    "crash_point": {
        "x": 0.0,
        "y": 0.0
    }
}