{
    "vehicle1": {
        "start_position": {
            "x": -82.0,
            "y": 37.0,
            "z": 0.5
        },
        "speed_kmh": 93.34172,
        "yaw": -25.113521328694866,
        "trajectory": [
            [
                -82.00000007049428,
                37.00000003304222
            ],
            [
                -77.12757473166893,
                34.590276685922994
            ],
            [
                -73.01124524785725,
                32.55618208384891
            ],
            [
                -69.27136628559721,
                30.719776545351525
            ],
            [
                -64.74984425234783,
                28.546718932466337
            ],
            [
                -59.78673320135672,
                26.1886632363132
            ],
            [
                -54.73452427665476,
                23.802929594834882
            ],
            [
                -49.94521536935597,
                21.546593973518835
            ],
            [
                -45.77217659139364,
                19.577304916885744
            ],
            [
                -42.07676495032725,
                17.838766958107374
            ],
            [
                -37.49710062236584,
                15.741787656368771
            ],
            [
                -32.43791157150552,
                13.463607848566081
            ],
            [
                -27.47461539803098,
                11.255477544694141
            ],
            [
                -23.189063133735644,
                9.371022804361418
            ],
            [
                -19.451376560988255,
                7.773972495481517
            ],
            [
                -14.853836482685429,
                5.89136297466815
            ],
            [
                -9.748062770742948,
                3.8470430245637797
            ],
            [
                -4.577386296850697,
                1.8015738382928133
            ],
            [
                -3.912243506931645e-08,
                1.4214907917420305e-08
            ],
            [
                4.069570305308744,
                -1.4682301905416564
            ],
            [
                8.319032777475217,
                -2.947392586366038
            ],
            [
                13.501838130614956,
                -4.697823626057097
            ],
            [
                18.605274855507687,
                -6.3866710374366775
            ]
        ]
    },
    "vehicle2": {
        "start_position": {
            "x": 108.0,
            "y": -28.0,
            "z": 0.5
        },
        "speed_kmh": 115.6186632055634,
        "yaw": 167.4205069723808,
        "trajectory": [
            [
                108.00000005747312,
                -28.000000012825165
            ],
            [
                102.55695808016151,
                -26.909171294949914
            ],
            [
                97.50520976490513,
                -25.900924922487178
            ],
            [
                93.22253662519773,
                -25.0576163694299
            ],
            [
                88.47569282883619,
                -24.04756378046279
            ],
            [
                84.08170888618679,
                -23.055168117916686
            ],
            [
                79.61407224035115,
                -22.010514306127313
            ],
            [
                74.47697377443279,
                -20.783714179829545
            ],
            [
                69.04269576467121,
                -19.474283630267834
            ],
            [
                63.68220355368279,
                -18.181399237666895
            ],
            [
                58.76603090967607,
                -17.004125629963553
            ],
            [
                54.6581180859999,
                -16.038983779802077
            ],
            [
                50.36955610458222,
                -14.905624839272988
            ],
            [
                45.82223698229533,
                -13.639607743339395
            ],
            [
                40.67124678805073,
                -12.186846368016353
            ],
            [
                35.28358010290551,
                -10.65666333344462
            ],
            [
                30.027230923434193,
                -9.158694668863578
            ],
            [
                25.271738232126058,
                -7.803074421727662
            ],
            [
                21.32464555755187,
                -6.679756254195791
            ],
            [
                16.700533372138892,
                -5.297878036552641
            ],
            [
                11.405572583237804,
                -3.6603596794797664
            ],
            [
                6.4480438277823975,
                -2.0981237694228003
            ],
            [
                2.5314487738339304,
                -0.8399223599492838
            ],
            [
                -3.912243506931645e-08,
                1.4214907917420305e-08
            ],
            [
                -4.867054771333374,
                1.7790964055245762
            ],
            [
                -10.089499357840042,
                3.7091452999900665
            ],
            [
                -15.226791886500543,
                5.630731622355418
            ],
            [
                -19.836397101885087,
                7.3836024304290415
            ]
        ]
    },
    "crash_point": {
        "x": 0.0,
        "y": 0.0
    }
}