{
    "vehicle1": {
        "start_position": {
            "x": -92.15,
            "y": 50.44,
            "z": 0.5
        },
        "speed_kmh": 75.63898,
        "yaw": -27.079747243102734,
        "trajectory": [
            [
                -92.15,
                50.440000000000005
            ],
            [
                -87.76960098588246,
                48.024062792891065
            ],
            [
                -83.38920197176492,
                45.60812558578212
            ],
            [
                -79.00880295764738,
                43.19218837867318
            ],
            [
                -74.62840394352985,
                40.77625117156424
            ],
            [
                -70.24800492941229,
                38.3603139644553
            ],
            [
                -65.86760591529475,
                35.94437675734636
            ],
            [
                -61.4872069011772,
                33.52843955023742
            ],
            [
                -57.10680788705965,
                31.112502343128483
            ],
            [
                -52.72640887294211,
                28.696565136019544
            ],
            [
                -48.346009858824566,
                26.280627928910604
            ],
            [
                -43.96561084470703,
                23.864690721801665
            ],
            [
                -39.585211830589486,
                21.448753514692722
            ],
            [
                -35.204812816471936,
                19.03281630758379
            ],
            [
                -30.824413802354368,
                16.616879100474833
            ],
            [
                -26.44401478823682,
                14.20094189336589
            ],
            [
                -22.063615774119278,
                11.785004686256949
            ],
            [
                -18.19340578343257,
                9.654778475515483
            ],
            [
                -13.566993450744505,
                7.186701910560822
            ],
            [
                -8.613008606908506,
                4.576548316167592
            ],
            [
                -3.8944793727121167,
                2.0883243836814276
            ],
            [
                -4.05466797082088e-08,
                2.0023868896323904e-08
            ],
            [
                4.130842340149882,
                -1.9307158812504008
            ],
            [
                9.129493992926342,
                -4.269770744440405
            ],
            [
                13.94056707845662,
                -6.4729088177581975
            ],
            [
                18.166633272828076,
                -8.289219171957399
            ]
        ]
    },
    "vehicle2": {
        "start_position": {
            "x": 15.24,
            "y": -10.0,
            "z": 0.5
        },
        "speed_kmh": 12.99374651184945,
        "yaw": -173.62587299908114,
        "trajectory": [
            [
                15.240000000000014,
                -10.000000000000007
            ],
            [
                11.262982906863794,
                -7.411340459515419
            ],
            [
                6.550726353183834,
                -4.394533024798319
            ],
            [
                2.101379644039101,
                -1.4749838074835224
            ],
            [
                -4.05466797082088e-08,
                2.0023868896323904e-08
            ],
            [
                -3.9974781614241985,
                1.9653180328280355
            ],
            [
                -8.789107158953046,
                4.314534232105017
            ],
            [
                -13.812731860556783,
                6.784077432371052
            ],
            [
                -18.50662641555642,
                9.110593072823372
            ]
        ]
    },
    "crash_point": {
        "x": 0.0,
        "y": 0.0
    }
}