{
    "vehicle1": {
        "start_position": {
            "x": 22.79,
            "y": -26.15,
            "z": 0.5
        },
        "speed_kmh": 22.682872181313865,
        "yaw": 147.5934421574898,
        "trajectory": [
            [
                22.791463281171076,
                -26.14769482105494
            ],
            [
                14.348797367068173,
                -20.788460522869713
            ],
            [
                9.785015502786962,
                -13.29253409580832
            ],
            [
                5.160053976862451,
                -8.992870948375877
            ],
            [
                1.8685966531876255,
                -4.599151493388524
            ],
            [
                -0.7040762102257121,
                4.876463910685777
            ],
            [
                0.8611146587741294,
                10.995704340839247
            ]
        ]
    },
    "vehicle2": {
        "start_position": {
            "x": -100.2,
            "y": 63.8,
            "z": 0.5
        },
        "speed_kmh": 85.29502,
        "yaw": -31.74820392008191,
        "trajectory": [
            [
                -99.98499791041104,
                64.14746384645453
            ],
            [
                -91.48131070968064,
                58.885591176754716
            ],
            [
                -87.22946710931544,
                56.2546548419048
            ],
            [
                -82.97762350895023,
                53.62371850705489
            ],
            [
                -74.47393630821983,
                48.36184583735508
            ],
            [
                -70.22209270785463,
                45.73090950250516
            ],
            [
                -61.71840550712423,
                40.469036832805344
            ],
            [
                -53.21471830639383,
                35.207164163105524
            ],
            [
                -48.96287470602862,
                32.57622782825562
            ],
            [
                -40.459187505298225,
                27.3143551585558
            ],
            [
                -36.20734390493302,
                24.683418823705885
            ],
            [
                -31.955500304567813,
                22.052482488855972
            ],
            [
                -23.451813103837416,
                16.790609819156153
            ],
            [
                -14.955427937421888,
                10.376805738866185
            ],
            [
                -10.327064232516141,
                7.245660547475148
            ],
            [
                -3.1447022630678787,
                2.2309846034183867
            ],
            [
                3.306041778448314,
                -1.8622689607007468
            ],
            [
                11.426202191623533,
                -6.44878187279182
            ],
            [
                16.842732391040293,
                -9.527920016064291
            ]
        ]
    },
    "crash_point": {
        "x": 0.0,
        "y": 0.0
    }
}