{
    "vehicle1": {
        "start_position": {
            "x": 10.0,
            "y": -12.5,
            "z": 0.5
        },
        "speed_kmh": 80.467,
        "yaw": 124.52308570468263,
        "trajectory": [
            [
                9.999999830505995,
                -12.499999753597415
            ],
            [
                6.790938570846055,
                -8.260816743839213
            ],
            [
                3.554657840654472,
                -4.206910361795187
            ],
            [
                0.2813889859803895,
                -0.3239449028106809
            ],
            [
                -3.1894672466661858,
                3.829408395503752
            ],
            [
                -6.442751933885961,
                7.525580630799972
            ],
            [
                -9.770027673039658,
                11.103115550489203
            ],
            [
                -13.181415037698226,
                14.576642453393443
            ]
        ]
    },
    "vehicle2": {
        "start_position": {
            "x": -32.0,
            "y": 32.0,
            "z": 0.5
        },
        "speed_kmh": 230.5061749106666,
        "yaw": -37.80850376392386,
        "trajectory": [
            [
                -31.999999649490217,
                31.999999728033462
            ],
            [
                -28.036050551886547,
                28.752292211425274
            ],
            [
                -24.210410900689336,
                25.478254577725863
            ],
            [
                -20.513267454139108,
                22.163290840591035
            ],
            [
                -16.934810493021587,
                18.792887065075796
            ],
            [
                -13.465197116910034,
                15.352597884454049
            ],
            [
                -10.094514220098395,
                11.828024269373806
            ],
            [
                -6.812745470310279,
                8.204783851293891
            ],
            [
                -3.6097463695364778,
                4.4684766339993445
            ],
            [
                -0.4752303529114408,
                0.604650039688881
            ],
            [
                -1.1568009838924809e-07,
                1.4275868043256423e-07
            ],
            [
                3.1358909577685976,
                -3.9772355893906495
            ],
            [
                6.228523554380326,
                -8.116906214133493
            ],
            [
                9.288292353252338,
                -12.433655478499341
            ],
            [
                12.325664081203586,
                -16.942179090555488
            ]
        ]
    },
    "crash_point": {
        "x": 0.0,
        "y": 0.0
    }
}