{
    "vehicle1": {
        "start_position": {
            "x": -40.79769925755419,
            "y": 66.63184118420232,
            "z": 0.5
        },
        "speed_kmh": 56.3269,
        "yaw": -56.90735673254047,
        "trajectory": [
            [
                -36.70990548491492,
                69.29589256258046
            ],
            [
                -31.249961543956264,
                60.918004274856116
            ],
            [
                -25.790017602997622,
                52.54011598713176
            ],
            [
                -23.0600456325183,
                48.35117184326958
            ],
            [
                -17.975692309122532,
                40.58317099292752
            ],
            [
                -15.104407508641366,
                36.269887810582944
            ],
            [
                -12.00305472107619,
                31.64962852931063
            ],
            [
                -8.946481352211393,
                27.131035052491566
            ],
            [
                -4.932633023087176,
                21.2726164555354
            ],
            [
                -2.0817552137504887,
                17.165002097121704
            ],
            [
                0.7691225991956792,
                13.057387741361017
            ],
            [
                -1.9361187658099146,
                5.577171006935923
            ],
            [
                0.0,
                0.0
            ],
            [
                -7.391407774342629,
                -6.923051278993416
            ]
        ]
    },
    "vehicle2": {
        "start_position": {
            "x": 60.0,
            "y": -80.6,
            "z": 0.5
        },
        "speed_kmh": 67.43132598946399,
        "yaw": 127.72607703422264,
        "trajectory": [
            [
                56.94759571315291,
                -82.96138602079837
            ],
            [
                53.65462122501161,
                -78.69412268049894
            ],
            [
                50.232520745827216,
                -74.24035615331343
            ],
            [
                46.97530646432216,
                -69.98268499886397
            ],
            [
                43.58687721048851,
                -65.523508960991
            ],
            [
                40.57332111499305,
                -61.53371197459779
            ],
            [
                34.54620879653052,
                -53.55411818163834
            ],
            [
                31.53265263729925,
                -49.564321285158606
            ],
            [
                28.51909647806798,
                -45.574524388678874
            ],
            [
                22.49198415960545,
                -37.59493059571941
            ],
            [
                19.47842800037418,
                -33.60513369923968
            ],
            [
                14.238797434394362,
                -26.4971813615209
            ],
            [
                11.304494326299173,
                -22.366575558192142
            ],
            [
                8.240158688794478,
                -18.113472707430596
            ],
            [
                5.317139355957497,
                -14.056878325456811
            ],
            [
                5.087356393883715,
                -8.565496725571444
            ],
            [
                1.9997225921315498,
                -3.5402917714329893
            ],
            [
                -2.7549285735481357,
                3.1689608323828935
            ],
            [
                -6.423325767996789,
                7.687574566558222
            ]
        ]
    },
    "crash_point": {
        "x": 0.0,
        "y": 0.0
    }
}