{
    "vehicle1": {
        "start_position": {
            "x": -2.5493261228088997,
            "y": -69.09411916336504,
            "z": 0.5
        },
        "speed_kmh": 48.2802,
        "yaw": 126.9273593626605,
        "trajectory": [
            [
                -3.7760633806793367,
                -66.23017003049247
            ],
            [
                -3.9645967483472253,
                -61.18174211955671
            ],
            [
                -4.153130116015116,
                -56.13331420862096
            ],
            [
                -4.156389460073057,
                -51.48511198675818
            ],
            [
                -4.108300459258449,
                -46.084077205506325
            ],
            [
                -3.980846839584462,
                -40.370960821648254
            ],
            [
                -3.7306274301231053,
                -34.8558585474689
            ],
            [
                -3.3110771149112486,
                -30.063378563683273
            ],
            [
                -2.761651248598226,
                -25.33237307555842
            ],
            [
                -2.2141485693929184,
                -20.310181321064935
            ],
            [
                -1.6666458901876098,
                -15.287989566571447
            ],
            [
                -1.1191432109823019,
                -10.26579781207796
            ],
            [
                -0.5716405317769935,
                -5.243606057584475
            ],
            [
                -0.024137852571684437,
                -0.22141430309098914
            ],
            [
                -0.1521813768943665,
                4.529638038751787
            ],
            [
                -0.2728101316825091,
                9.330843579210716
            ],
            [
                -0.3810499730819945,
                14.770378877191025
            ],
            [
                -0.47411314629404844,
                20.357961295761637
            ]
        ]
    },
    "vehicle2": {
        "start_position": {
            "x": 2.0,
            "y": 88.0,
            "z": 0.5
        },
        "speed_kmh": 63.96137126057314,
        "yaw": -88.34663372143459,
        "trajectory": [
            [
                1.99999999686705,
                88.00000010853921
            ],
            [
                1.9489078419137265,
                82.5023048919446
            ],
            [
                1.8644835799081254,
                78.05119219373647
            ],
            [
                1.7837853252308142,
                73.52191672826105
            ],
            [
                1.7161930516066528,
                68.14146023511242
            ],
            [
                1.6439339659358883,
                62.53597779926365
            ],
            [
                1.549222889226467,
                57.33079331448231
            ],
            [
                1.4146402869046186,
                53.07513910799412
            ],
            [
                1.240585218041303,
                48.36526993095275
            ],
            [
                1.0456950091364554,
                42.90204486741889
            ],
            [
                0.8474310589613174,
                37.35022988569131
            ],
            [
                0.6630277322954048,
                32.3877893706756
            ],
            [
                0.5072411105359995,
                28.316726960229552
            ],
            [
                0.3753380097833423,
                23.48916471955554
            ],
            [
                0.26284094938657754,
                18.03831971762304
            ],
            [
                0.16708565306764367,
                12.451742346160806
            ],
            [
                0.08536551595480901,
                7.217784650410739
            ],
            [
                0.014783196828160428,
                2.8284623915091283
            ],
            [
                0.0,
                3.552713678800501e-15
            ],
            [
                0.17466901967678616,
                -4.996948141972773
            ],
            [
                0.3493380393535719,
                -9.993896283945546
            ],
            [
                0.5240070590303576,
                -14.990844425918318
            ],
            [
                0.6986760787071435,
                -19.98779256789109
            ]
        ]
    },
    "crash_point": {
        "x": 0.0,
        "y": 0.0
    }
}