{
    "vehicle1": {
        "start_position": {
            "x": -7.0,
            "y": -40.0,
            "z": 0.5
        },
        "speed_kmh": 56.3269,
        "yaw": 76.97027299949045,
        "trajectory": [
            [
                -8.469713097244606,
                -39.659886718973375
            ],
            [
                -6.215147493275097,
                -29.917354505149422
            ],
            [
                -4.6457593964597494,
                -23.13160726516052
            ],
            [
                -1.0672559576693046,
                -18.08698186631336
            ],
            [
                0.1628655038058593,
                -12.277179790390546
            ],
            [
                0.2495858791247847,
                -4.310003213619459
            ],
            [
                -0.6781130981949683,
                5.299993916974266
            ],
            [
                -0.4319635604031542,
                11.012419302669059
            ]
        ]
    },
    "vehicle2": {
        "start_position": {
            "x": -3.3,
            "y": -24.0,
            "z": 0.5
        },
        "speed_kmh": 31.200851936941145,
        "yaw": 77.07964318423586,
        "trajectory": [
            [
                -4.767487694459023,
                -23.66335166171016
            ],
            [
                -3.687786209176625,
                -18.780435722832433
            ],
            [
                0.1628655038058593,
                -12.277179790390546
            ],
            [
                0.2495858791247847,
                -4.310003213619459
            ],
            [
                -0.6781130981949683,
                5.299993916974266
            ],
            [
                -0.4319635604031542,
                11.012419302669059
            ]
        ]
    },
    "crash_point": {
        "x": 0.0,
        "y": 0.0
    }
}