{
    "vehicle1": {
        "start_position": {
            "x": -119.74,
            "y": 141.69,
            "z": 0.5
        },
        "speed_kmh": 128.7472,
        "yaw": -49.04204307649879,
        "trajectory": [
            [
                -119.74,
                141.69
            ],
            [
                -116.4891952482498,
                137.89085267652777
            ],
            [
                -113.23839049649959,
                134.09170535305552
            ],
            [
                -109.9875857447494,
                130.29255802958326
            ],
            [
                -106.7367809929992,
                126.493410706111
            ],
            [
                -103.48597624124899,
                122.69426338263875
            ],
            [
                -100.2351714894988,
                118.8951160591665
            ],
            [
                -96.98436673774859,
                115.09596873569426
            ],
            [
                -93.73356198599839,
                111.29682141222199
            ],
            [
                -90.48275723424818,
                107.49767408874973
            ],
            [
                -87.23195248249799,
                103.69852676527748
            ],
            [
                -83.9811477307478,
                99.89937944180522
            ],
            [
                -80.73034297899758,
                96.10023211833297
            ],
            [
                -77.47953822724739,
                92.30108479486071
            ],
            [
                -74.2287334754972,
                88.50193747138846
            ],
            [
                -70.977928723747,
                84.7027901479162
            ],
            [
                -67.72712397199679,
                80.90364282444393
            ],
            [
                -64.4763192202466,
                77.10449550097168
            ],
            [
                -61.225514468496385,
                73.30534817749944
            ],
            [
                -57.97470971674618,
                69.50620085402718
            ],
            [
                -54.72390496499598,
                65.70705353055493
            ],
            [
                -51.473100213245786,
                61.907906207082675
            ],
            [
                -48.222295461495584,
                58.10875888361042
            ],
            [
                -44.97149070974539,
                54.309611560138165
            ],
            [
                -41.72068595799519,
                50.51046423666591
            ],
            [
                -38.46988120624499,
                46.71131691319365
            ],
            [
                -35.21907645449478,
                42.912169589721394
            ],
            [
                -31.968271702744584,
                39.113022266249146
            ],
            [
                -28.717466950994385,
                35.31387494277689
            ],
            [
                -25.466662199244183,
                31.514727619304633
            ],
            [
                -22.215857447493985,
                27.71558029583238
            ],
            [
                -19.18650425268458,
                24.163732570508884
            ],
            [
                -16.107973163723628,
                20.460711236346707
            ],
            [
                -12.630674472532117,
                16.201377571760478
            ],
            [
                -9.143644280819343,
                11.861014910437364
            ],
            [
                -6.036998978377298,
                7.915845540783697
            ],
            [
                -3.2829325911272598,
                4.314060506814185
            ],
            [
                -0.2549583281661765,
                0.3350375385098614
            ],
            [
                3.0559787645299425,
                -3.9573973506261524
            ],
            [
                6.111957529059836,
                -7.914794701252237
            ],
            [
                9.167936293589726,
                -11.872192051878322
            ],
            [
                12.22391505811962,
                -15.829589402504407
            ]
        ]
    },
    "vehicle2": {
        "start_position": {
            "x": 42.14,
            "y": -65.95,
            "z": 0.5
        },
        "speed_kmh": 54.3962837498741,
        "yaw": 120.84446330649342,
        "trajectory": [
            [
                42.14000043672246,
                -65.95000073131803
            ],
            [
                40.21469337626149,
                -62.24382314463965
            ],
            [
                37.79744251939317,
                -57.9574344761469
            ],
            [
                34.980930449287285,
                -53.162265011745625
            ],
            [
                32.28930342213407,
                -48.625688268841465
            ],
            [
                30.140553405027937,
                -44.96434455350676
            ],
            [
                27.42270940017292,
                -40.62626067164838
            ],
            [
                24.433734370498946,
                -36.023693218455655
            ],
            [
                21.877163907450257,
                -32.156881654212356
            ],
            [
                19.059593178992692,
                -28.015381007662484
            ],
            [
                16.242022450535135,
                -23.87388036111261
            ],
            [
                13.42445172207757,
                -19.732379714562743
            ],
            [
                10.60688099362001,
                -15.590879068012875
            ],
            [
                7.789310265162449,
                -11.449378421463004
            ],
            [
                4.971739536704884,
                -7.3078777749131305
            ],
            [
                2.1541688082473263,
                -3.1663771283632602
            ],
            [
                4.951594689828198e-14,
                -6.772360450213455e-14
            ],
            [
                -3.05597876452984,
                3.957397350626021
            ],
            [
                -5.860685796776305,
                7.572931121776109
            ],
            [
                -8.944626548565704,
                11.44037326755642
            ],
            [
                -12.441471863086022,
                15.74269512776711
            ]
        ]
    },
    "crash_point": {
        "x": 0.0,
        "y": 0.0
    }
}