{
    "vehicle1": {
        "start_position": {
            "x": -24.5,
            "y": 1.5,
            "z": 0.5
        },
        "speed_kmh": 56.3269,
        "yaw": 15.692071263175608,
        "trajectory": [
            [
                -24.5,
                1.5
            ],
            [
                -19.218909282207616,
                1.1884644502077686
            ],
            [
                -13.937818564415231,
                0.8769289004155367
            ],
            [
                -8.656727846622847,
                0.5653933506233048
            ],
            [
                -3.375637128830461,
                0.25385780083107345
            ],
            [
                2.027284227712478e-06,
                5.84754496824047e-07
            ],
            [
                4.564619177414494,
                1.3818439043724267
            ],
            [
                9.82269082682211,
                3.0592511705190635
            ],
            [
                15.081819977439082,
                4.782247620810243
            ],
            [
                19.63208128531546,
                6.296246666873121
            ]
        ]
    },
    "vehicle2": {
        "start_position": {
            "x": 64.0,
            "y": 28.0,
            "z": 0.5
        },
        "speed_kmh": 160.74580916109332,
        "yaw": -149.49201536663813,
        "trajectory": [
            [
                64.0,
                28.0
            ],
            [
                59.706861453233245,
                25.43683894242867
            ],
            [
                55.41372290646649,
                22.87367788485734
            ],
            [
                51.12058435969973,
                20.31051682728601
            ],
            [
                46.99070815906555,
                18.019431215200065
            ],
            [
                42.02810845803419,
                15.51296481327958
            ],
            [
                37.06393792040351,
                13.136621898005636
            ],
            [
                32.93900334841827,
                11.25699653633129
            ],
            [
                28.132015874148752,
                9.390818818315923
            ],
            [
                22.928150907329588,
                7.551558102981158
            ],
            [
                18.862954213540586,
                6.155380984388804
            ],
            [
                14.141971398666412,
                4.557646094517498
            ],
            [
                8.840273244421073,
                2.7968326648918183
            ],
            [
                3.665956328714204,
                1.1270064438904939
            ],
            [
                2.0272842276014558e-06,
                5.847544972681362e-07
            ],
            [
                -4.644556147011812,
                -1.3075844476056506
            ],
            [
                -9.458202064971845,
                -2.6599205657755034
            ],
            [
                -14.27184798293188,
                -4.012256683945356
            ],
            [
                -19.085493900891912,
                -5.364592802115208
            ]
        ]
    },
    "crash_point": {
        "x": 0.0,
        "y": 0.0
    }
}