{
    "vehicle1": {
        "start_position": {
            "x": 75.0,
            "y": -23.0,
            "z": 0.5
        },
        "speed_kmh": 64.3736,
        "yaw": 161.2681533444154,
        "trajectory": [
            [
                74.99999989189271,
                -22.99999996334071
            ],
            [
                70.0132516513261,
                -21.03425639399574
            ],
            [
                64.81366914594207,
                -19.026093416170372
            ],
            [
                60.09925104715215,
                -17.190674497242245
            ],
            [
                56.22087593843093,
                -15.62841971682846
            ],
            [
                51.43811649495168,
                -13.766335179159706
            ],
            [
                46.23176579217302,
                -11.795296752752348
            ],
            [
                41.63169289765221,
                -10.089694621063186
            ],
            [
                37.609437388669996,
                -8.705604836812542
            ],
            [
                32.48936245143117,
                -7.137822661316532
            ],
            [
                27.19885159729314,
                -5.594433621894006
            ],
            [
                22.783889527230468,
                -4.31748460103333
            ],
            [
                18.293102871272286,
                -3.0968038793912163
            ],
            [
                12.88765565887343,
                -1.7757937888571422
            ],
            [
                7.940918729815247,
                -0.7149575914384682
            ],
            [
                3.3920546192879093,
                -0.152717422917087
            ],
            [
                -1.3392805237009975e-06,
                -3.391148373221853e-08
            ],
            [
                -5.07106718891261,
                -0.34660878178525856
            ],
            [
                -9.96216442971266,
                -1.0852239197162221
            ],
            [
                -14.90588840183979,
                -1.833283601436565
            ]
        ]
    },
    "vehicle2": {
        "start_position": {
            "x": -14.0,
            "y": 1.0,
            "z": 0.5
        },
        "speed_kmh": 11.310975274489975,
        "yaw": 8.604438379085158,
        "trajectory": [
            [
                -14.0,
                0.9999999999999996
            ],
            [
                -8.910503807545581,
                0.7846905312203554
            ],
            [
                -3.9730495370209122,
                0.5001707271416629
            ],
            [
                -1.3392805237009975e-06,
                -3.391148373221853e-08
            ],
            [
                5.4305743160916276,
                -0.046921165749669425
            ],
            [
                9.847034331108759,
                -0.5261191332230024
            ],
            [
                15.210113995359364,
                -1.4604550539091135
            ],
            [
                20.489244384828368,
                -2.512510794742086
            ]
        ]
    },
    "crash_point": {
        "x": 0.0,
        "y": 0.0
    }
}