{
    "vehicle1": {
        "start_position": {
            "x": 4.5,
            "y": 100.0,
            "z": 0.5
        },
        "speed_kmh": 88.5137,
        "yaw": -89.4876151193315,
        "trajectory": [
            [
                4.5,
                100.00000000000001
            ],
            [
                4.271805542473703,
                94.99775930648595
            ],
            [
                4.043611084947406,
                89.99551861297189
            ],
            [
                3.8154166274211088,
                84.99327791945784
            ],
            [
                3.5872221698948117,
                79.99103722594378
            ],
            [
                3.3590277123685146,
                74.98879653242973
            ],
            [
                3.130833254842217,
                69.98655583891566
            ],
            [
                2.9026387973159204,
                64.98431514540161
            ],
            [
                2.6744443397896225,
                59.98207445188754
            ],
            [
                2.4462498822633254,
                54.97983375837349
            ],
            [
                2.2180554247370283,
                49.977593064859434
            ],
            [
                1.9898609672107312,
                44.97535237134537
            ],
            [
                1.7575218172008469,
                40.54573423702471
            ],
            [
                1.5345865416000746,
                35.33401295965273
            ],
            [
                1.3169471088886482,
                29.736837567761423
            ],
            [
                1.0984566190706637,
                24.374446577002587
            ],
            [
                0.8729702452648844,
                19.866891074249907
            ],
            [
                0.6534126791075883,
                14.959239044407378
            ],
            [
                0.4348982286221803,
                9.95656614872223
            ],
            [
                0.21638377813677323,
                4.953893253037096
            ],
            [
                8.881784197001252e-16,
                -4.4641373930787154e-14
            ],
            [
                0.0543881934058259,
                -4.99970418369111
            ],
            [
                0.10877638681165092,
                -9.99940836738219
            ],
            [
                0.16316458021747593,
                -14.999112551073269
            ],
            [
                0.21755277362330094,
                -19.998816734764343
            ]
        ]
    },
    "vehicle2": {
        "start_position": {
            "x": 0.5,
            "y": -95.0,
            "z": 0.5
        },
        "speed_kmh": 84.01133256774165,
        "yaw": 90.80269709359368,
        "trajectory": [
            [
                0.5000000011095533,
                -95.00000007919381
            ],
            [
                0.45536144564341186,
                -89.523515113886
            ],
            [
                0.41321667464958356,
                -83.96412571430649
            ],
            [
                0.38176376547924784,
                -78.94134292430523
            ],
            [
                0.3616131757778751,
                -74.43322233388953
            ],
            [
                0.3373219084605612,
                -69.43319074734084
            ],
            [
                0.31303064114324775,
                -64.43315916079214
            ],
            [
                0.28873937382593384,
                -59.433127574243436
            ],
            [
                0.26444810650861994,
                -54.43309598769473
            ],
            [
                0.24015683919130604,
                -49.43306440114603
            ],
            [
                0.21586557187399258,
                -44.43303281459733
            ],
            [
                0.19157430455667868,
                -39.433001228048624
            ],
            [
                0.16728303723936522,
                -34.43296964149993
            ],
            [
                0.14299176992205131,
                -29.432938054951222
            ],
            [
                0.11870050260473741,
                -24.432906468402525
            ],
            [
                0.09440923528742351,
                -19.43287488185382
            ],
            [
                0.07011796797010961,
                -14.432843295305123
            ],
            [
                0.04582670065279615,
                -9.432811708756425
            ],
            [
                0.021535433335482246,
                -4.43278012220772
            ],
            [
                4.440892098500626e-16,
                -4.464484337773911e-14
            ],
            [
                -0.05438819340582457,
                4.999704183691035
            ],
            [
                -0.10877638681164958,
                9.999408367382115
            ],
            [
                -0.1631645802174746,
                14.999112551073194
            ],
            [
                -0.2163890350711184,
                19.89293018141449
            ]
        ]
    },
    "crash_point": {
        "x": 0.0,
        "y": 0.0
    }
}