{
    "vehicle1": {
        "start_position": {
            "x": 1.0262446716360616,
            "y": 1.2660864066719975,
            "z": 0.5
        },
        "speed_kmh": 0,
        "yaw": -39.02699642443947,
        "trajectory": [
            [
                -1.4757772781592848e-10,
                1.1962020263212025e-10
            ],
            [
                3.7347862507658727,
                -3.0271173684564734
            ],
            [
                7.619125252842138,
                -6.175436049427185
            ],
            [
                11.503464254918402,
                -9.323754730397898
            ],
            [
                15.387803256994667,
                -12.47207341136861
            ]
        ]
    },
    "vehicle2": {
        "start_position": {
            "x": -75.0,
            "y": 68.0,
            "z": 0.5
        },
        "speed_kmh": 72.4203,
        "yaw": -39.0260226958147,
        "trajectory": [
            [
                -74.99999999999999,
                67.99999999999999
            ],
            [
                -71.2903531506823,
                64.63615469963732
            ],
            [
                -67.58070630136459,
                61.272309399274654
            ],
            [
                -63.87105945204691,
                57.90846409891199
            ],
            [
                -60.314280029108765,
                54.668526730867285
            ],
            [
                -56.786325785862395,
                51.452066726571005
            ],
            [
                -52.66037619164335,
                47.751025795759425
            ],
            [
                -48.65636889789428,
                44.14886832292422
            ],
            [
                -45.45437390936901,
                41.19675238657403
            ],
            [
                -41.82710414035608,
                37.900169443539085
            ],
            [
                -37.67678836559487,
                34.17973007635939
            ],
            [
                -34.08509936635231,
                30.9117645044137
            ],
            [
                -30.858828728435117,
                27.939436971824648
            ],
            [
                -26.839701786429572,
                24.32413412489902
            ],
            [
                -22.722462456411275,
                20.629152035038665
            ],
            [
                -19.226879485595365,
                17.438068374359275
            ],
            [
                -15.544299291449706,
                14.094560727977607
            ],
            [
                -12.298724831668462,
                11.105819037930805
            ],
            [
                -8.389779801323554,
                7.579385118376462
            ],
            [
                -4.233997703026174,
                3.8529654210442925
            ],
            [
                -0.5510796614828806,
                0.5102370083507247
            ],
            [
                -1.475775890380504e-10,
                1.1962036916557395e-10
            ],
            [
                3.7347862507658727,
                -3.0271173684564734
            ],
            [
                7.619125252842138,
                -6.175436049427185
            ],
            [
                11.503464254918404,
                -9.323754730397898
            ],
            [
                15.387803256994669,
                -12.47207341136861
            ]
        ]
    },
    "crash_point": {
        "x": 0.0,
        "y": 0.0
    }
}