{
    "vehicle1": {
        "start_position": {
            "x": 18.0,
            "y": 85.0,
            "z": 0.5
        },
        "speed_kmh": 112.6538,
        "yaw": -104.17739248973068,
        "trajectory": [
            [
                18.000000037658673,
                85.00000014907293
            ],
            [
                16.88504462671107,
                79.8746489473289
            ],
            [
                15.954066378403436,
                75.44530425278347
            ],
            [
                14.98939474612068,
                70.83968283528513
            ],
            [
                13.953730615780525,
                65.94514774832538
            ],
            [
                12.91806648544037,
                61.05061266136562
            ],
            [
                11.882402355100213,
                56.156077574405856
            ],
            [
                10.846738224760058,
                51.2615424874461
            ],
            [
                9.811074094419904,
                46.36700740048634
            ],
            [
                8.775409964079746,
                41.47247231352657
            ],
            [
                7.73974583373959,
                36.57793722656682
            ],
            [
                6.704081703399437,
                31.683402139607047
            ],
            [
                5.66841757305928,
                26.788867052647287
            ],
            [
                4.632753442719125,
                21.894331965687527
            ],
            [
                3.5970893123789693,
                16.999796878727768
            ],
            [
                2.561425182038816,
                12.105261791768006
            ],
            [
                1.5257610516986606,
                7.2107267048082395
            ],
            [
                0.4900969213585036,
                2.3161916178484785
            ],
            [
                -6.039613253960852e-14,
                -2.4202861936828413e-13
            ],
            [
                -1.2011813570247014,
                -4.853572225437546
            ],
            [
                -2.402362714049346,
                -9.70714445087485
            ],
            [
                -3.603544071073987,
                -14.560716676312154
            ],
            [
                -4.804725428098632,
                -19.414288901749458
            ]
        ]
    },
    "vehicle2": {
        "start_position": {
            "x": 21.0,
            "y": 95.0,
            "z": 0.5
        },
        "speed_kmh": 125.99565011198511,
        "yaw": -104.3181502438543,
        "trajectory": [
            [
                20.999999921464124,
                94.99999969229874
            ],
            [
                19.758128077901688,
                89.59000162223217
            ],
            [
                18.522020179485864,
                84.17374453232657
            ],
            [
                17.386462564275448,
                79.12470245394411
            ],
            [
                16.446817612634575,
                74.81873849293306
            ],
            [
                15.41334011233256,
                70.09854707020808
            ],
            [
                14.339217533773889,
                65.21352983296283
            ],
            [
                13.265094955215215,
                60.32851259571757
            ],
            [
                12.190972376656543,
                55.443495358472305
            ],
            [
                11.116849798097869,
                50.55847812122705
            ],
            [
                10.042727219539197,
                45.67346088398179
            ],
            [
                8.968604640980525,
                40.788443646736525
            ],
            [
                7.894482062421851,
                35.90342640949126
            ],
            [
                6.820359483863179,
                31.018409172245995
            ],
            [
                5.746236905304505,
                26.133391935000734
            ],
            [
                4.672114326745831,
                21.248374697755473
            ],
            [
                3.597991748187159,
                16.363357460510215
            ],
            [
                2.5238691696284867,
                11.478340223264953
            ],
            [
                1.449746591069811,
                6.593322986019684
            ],
            [
                0.37562401251114075,
                1.7083057487744235
            ],
            [
                -6.039613253960852e-14,
                -2.4202861936828413e-13
            ],
            [
                -1.2011813570247014,
                -4.853572225437546
            ],
            [
                -2.402362714049346,
                -9.70714445087485
            ],
            [
                -3.603544071073987,
                -14.560716676312154
            ],
            [
                -4.804725428098632,
                -19.414288901749458
            ]
        ]
    },
    "crash_point": {
        "x": 0.0,
        "y": 0.0
    }
}