{
    "vehicle1": {
        "start_position": {
            "x": -28.047450514176123,
            "y": 17.988647545561825,
            "z": 0.5
        },
        "speed_kmh": 24.1401,
        "yaw": -33.454509681918175,
        "trajectory": [
            [
                -28.047450514176155,
                17.988647545561847
            ],
            [
                -23.841307933160724,
                15.28452356360955
            ],
            [
                -19.635165352145297,
                12.580399581657252
            ],
            [
                -15.552607228682062,
                9.958009599845642
            ],
            [
                -11.78013356658016,
                7.5460321281067415
            ],
            [
                -7.333798612187227,
                4.696458388619989
            ],
            [
                -2.6204837894986808,
                1.6764050972653104
            ],
            [
                -1.4287773408838689e-08,
                9.366006636923885e-09
            ],
            [
                4.281532809093337,
                -2.804018676324444
            ],
            [
                7.938437055509535,
                -5.192637068105807
            ],
            [
                12.126341212040451,
                -7.924204159669017
            ],
            [
                16.314245368571367,
                -10.655771251232224
            ]
        ]
    },
    "vehicle2": {
        "start_position": {
            "x": 88.0,
            "y": -66.0,
            "z": 0.5
        },
        "speed_kmh": 79.70038163461709,
        "yaw": 149.26445407399282,
        "trajectory": [
            [
                88.00000078439656,
                -66.00000046639911
            ],
            [
                84.11017557898037,
                -63.19250405056049
            ],
            [
                79.59253679788324,
                -59.94404093319004
            ],
            [
                75.21839702151259,
                -56.76606047855342
            ],
            [
                71.74032647461144,
                -54.15704055366727
            ],
            [
                67.72399923315382,
                -51.23433397284622
            ],
            [
                63.199636337115614,
                -47.9933229520961
            ],
            [
                59.52044391849961,
                -45.25049736350428
            ],
            [
                55.94994343340654,
                -42.552105051709425
            ],
            [
                51.693238720656694,
                -39.41591461528976
            ],
            [
                47.16381452945175,
                -36.097982567507565
            ],
            [
                42.774838184603695,
                -32.854160644247635
            ],
            [
                38.939100885294394,
                -29.940045242204548
            ],
            [
                35.31511022740002,
                -27.127269827233313
            ],
            [
                31.33494922543954,
                -24.07720116080361
            ],
            [
                27.35478822347906,
                -21.027132494373912
            ],
            [
                23.37462722151858,
                -17.97706382794421
            ],
            [
                19.3944662195581,
                -14.926995161514508
            ],
            [
                15.414305217597619,
                -11.876926495084806
            ],
            [
                11.434144215637138,
                -8.826857828655108
            ],
            [
                7.453983213676656,
                -5.776789162225407
            ],
            [
                4.008199893195848,
                -3.0717384717738594
            ],
            [
                -1.4287773186794084e-08,
                9.36600685896849e-09
            ],
            [
                -4.650267796990237,
                3.0508787838529168
            ],
            [
                -9.262604520905642,
                6.081646446658119
            ],
            [
                -13.4303060963077,
                8.825304643790037
            ],
            [
                -17.12692870373516,
                11.265637226208606
            ]
        ]
    },
    "crash_point": {
        "x": 0.0,
        "y": 0.0
    }
}