{
    "vehicle1": {
        "start_position": {
            "x": -22.0,
            "y": 5.0,
            "z": 0.5
        },
        "speed_kmh": 48.22759996774856,
        "yaw": -2.185217691516514,
        "trajectory": [
            [
                -21.999999999999996,
                5.0
            ],
            [
                -17.15234643979158,
                3.7663823822919618
            ],
            [
                -12.304692879583154,
                2.532764764583925
            ],
            [
                -7.457039319374731,
                1.2991471468758866
            ],
            [
                -2.609385759166308,
                0.06552952916784882
            ],
            [
                -2.033553300403725,
                -0.08100673980330209
            ],
            [
                2.8461176115861404,
                -1.1713332004012216
            ],
            [
                7.725788523576006,
                -2.2616596609991406
            ],
            [
                12.605459435565875,
                -3.3519861215970597
            ],
            [
                17.48513034755574,
                -4.44231258219498
            ]
        ]
    },
    "vehicle2": {
        "start_position": {
            "x": -29.034372594709513,
            "y": 6.099197474511367,
            "z": 0.5
        },
        "speed_kmh": 64.3736,
        "yaw": -2.185217691516514,
        "trajectory": [
            [
                -29.034372594709513,
                6.099197474511367
            ],
            [
                -24.160351608085968,
                4.983585214236676
            ],
            [
                -19.286330621462426,
                3.8679729539619854
            ],
            [
                -14.412309634838884,
                2.7523606936872955
            ],
            [
                -9.538288648215342,
                1.6367484334126043
            ],
            [
                -4.6642676615918,
                0.5211361731379132
            ],
            [
                -2.033553300403725,
                -0.08100673980330209
            ],
            [
                2.8461176115861404,
                -1.1713332004012216
            ],
            [
                7.725788523576006,
                -2.2616596609991406
            ],
            [
                12.605459435565875,
                -3.3519861215970597
            ],
            [
                17.48513034755574,
                -4.44231258219498
            ]
        ]
    },
    "crash_point": {
        "x": 0.0,
        "y": 0.0
    }
}