{
    "vehicle1": {
        "start_position": {
            "x": 36.0,
            "y": -82.0,
            "z": 0.5
        },
        "speed_kmh": 64.3736,
        "yaw": 113.1104835608097,
        "trajectory": [
            [
                33.72077824877047,
                -82.97266340454831
            ],
            [
                31.636394527226,
                -78.07508397164092
            ],
            [
                29.462802999424078,
                -72.94538423481293
            ],
            [
                27.12162753972253,
                -67.38723079152733
            ],
            [
                23.25889693230513,
                -58.163386036200514
            ],
            [
                19.396166376852793,
                -48.93954124912962
            ],
            [
                15.533435821400456,
                -39.71569646205873
            ],
            [
                13.602070543674284,
                -35.103774068523286
            ],
            [
                11.670705265948119,
                -30.491851674987835
            ],
            [
                7.80797471049578,
                -21.268006887916947
            ],
            [
                5.876609432769608,
                -16.656084494381496
            ],
            [
                3.1471808873907303,
                -8.090562268085717
            ],
            [
                0.0,
                0.0
            ],
            [
                -3.430294514223556,
                7.57635300977864
            ],
            [
                -5.758914677432538,
                12.8189468611006
            ]
        ]
    },
    "vehicle2": {
        "start_position": {
            "x": 22.0,
            "y": -50.0,
            "z": 0.5
        },
        "speed_kmh": 39.28118385780419,
        "yaw": 112.72279587086139,
        "trajectory": [
            [
                20.162509507346954,
                -50.76949806020944
            ],
            [
                16.299778951894613,
                -41.545653273138555
            ],
            [
                12.437048396442279,
                -32.32180848606766
            ],
            [
                8.574317840989941,
                -23.09796369899677
            ],
            [
                4.732858588756929,
                -13.924912824806198
            ],
            [
                3.1471808873907303,
                -8.090562268085717
            ],
            [
                0.0,
                0.0
            ],
            [
                -3.430294514223556,
                7.57635300977864
            ],
            [
                -5.758914677432538,
                12.8189468611006
            ]
        ]
    },
    "crash_point": {
        "x": 0.0,
        "y": 0.0
    }
}