{
    "vehicle1": {
        "start_position": {
            "x": -33.34,
            "y": 6.3,
            "z": 0.5
        },
        "speed_kmh": 24.1401,
        "yaw": -10.278199862106664,
        "trajectory": [
            [
                -33.33418909153531,
                6.332045186033872
            ],
            [
                -27.875091593465704,
                5.336829401326501
            ],
            [
                -22.923129470296942,
                4.419012308915131
            ],
            [
                -15.206763640846097,
                2.936168769433475
            ],
            [
                -10.297645898028852,
                1.987188797486258
            ],
            [
                -5.0350510201613075,
                0.9698782742511192
            ],
            [
                0.0,
                0.0
            ],
            [
                8.131969144417024,
                -1.5771564167248813
            ],
            [
                13.66439861921401,
                -2.6525584822581565
            ]
        ]
    },
    "vehicle2": {
        "start_position": {
            "x": -8.3,
            "y": -23.71,
            "z": 0.5
        },
        "speed_kmh": 15.299032276648225,
        "yaw": 63.841758724136724,
        "trajectory": [
            [
                -8.296687667789616,
                -23.711626871948344
            ],
            [
                -4.079652031908264,
                -14.508008519355798
            ],
            [
                -2.1074644866797416,
                -9.791456074547254
            ],
            [
                -1.0785030757686072,
                -3.6086716770311074
            ],
            [
                1.7899602039347424,
                4.424402854398345
            ]
        ]
    },
    "crash_point": {
        "x": 0.0,
        "y": 0.0
    }
}