{
    "vehicle1": {
        "start_position": {
            "x": 62.0,
            "y": -74.0,
            "z": 0.5
        },
        "speed_kmh": 72.4203,
        "yaw": 130.79551192942571,
        "trajectory": [
            [
                61.999999999999474,
                -73.99999999999937
            ],
            [
                58.78710482093907,
                -70.16824115780338
            ],
            [
                55.57420964187867,
                -66.3364823156074
            ],
            [
                52.36131446281827,
                -62.50472347341141
            ],
            [
                49.148419283757875,
                -58.67296463121542
            ],
            [
                45.93552410469747,
                -54.84120578901943
            ],
            [
                42.72262892563707,
                -51.00944694682344
            ],
            [
                39.50973374657667,
                -47.177688104627464
            ],
            [
                36.29683856751627,
                -43.34592926243147
            ],
            [
                33.08394338845587,
                -39.51417042023548
            ],
            [
                29.87104820939547,
                -35.68241157803949
            ],
            [
                26.65815303033507,
                -31.8506527358435
            ],
            [
                23.445257851274665,
                -28.018893893647515
            ],
            [
                20.23236267221427,
                -24.187135051451527
            ],
            [
                17.01946749315387,
                -20.355376209255542
            ],
            [
                13.806572314093469,
                -16.523617367059547
            ],
            [
                10.59367713503307,
                -12.69185852486356
            ],
            [
                7.3807819559726635,
                -8.860099682667567
            ],
            [
                4.44499501744049,
                -5.346611527331689
            ],
            [
                1.3845813211582065,
                -1.6659122420219852
            ],
            [
                -6.161358090395197e-10,
                7.220274378383351e-10
            ],
            [
                -3.6064300681204715,
                4.234198020909317
            ],
            [
                -7.184021011241012,
                8.449654589251443
            ],
            [
                -10.418465239918122,
                12.276785228507132
            ],
            [
                -13.265877786112112,
                15.667426205378666
            ]
        ]
    },
    "vehicle2": {
        "start_position": {
            "x": -58.0,
            "y": 76.0,
            "z": 0.5
        },
        "speed_kmh": 71.72397352478475,
        "yaw": -51.796362351504904,
        "trajectory": [
            [
                -57.99999999999944,
                75.99999999999929
            ],
            [
                -55.05795306782343,
                71.95266563934463
            ],
            [
                -52.11590613564742,
                67.90533127869
            ],
            [
                -49.4091300114224,
                64.16151729878342
            ],
            [
                -46.6166468013102,
                60.357605817839854
            ],
            [
                -43.37505057006437,
                56.033456305140945
            ],
            [
                -39.99262111358602,
                51.56871670283348
            ],
            [
                -36.77662926165191,
                47.341730011553935
            ],
            [
                -34.034204073216415,
                43.730632160362234
            ],
            [
                -31.101921216449636,
                39.93259536445408
            ],
            [
                -28.03709450630141,
                35.97742244600614
            ],
            [
                -24.972267796153186,
                32.02224952755819
            ],
            [
                -21.90744108600496,
                28.067076609110245
            ],
            [
                -18.842614375856737,
                24.1119036906623
            ],
            [
                -15.777787665708512,
                20.156730772214356
            ],
            [
                -12.712960955560288,
                16.201557853766406
            ],
            [
                -10.010349944975292,
                12.685812170983898
            ],
            [
                -6.928168710102266,
                8.742439089728858
            ],
            [
                -3.4987406618595474,
                4.405912450263457
            ],
            [
                -6.161358090395197e-10,
                7.220274378383351e-10
            ],
            [
                3.3209332581662796,
                -3.8833120206329563
            ],
            [
                6.178284938177751,
                -7.204332585614078
            ],
            [
                9.445091464903374,
                -10.989563769695552
            ],
            [
                12.711897991628998,
                -14.774794953777034
            ]
        ]
    },
    "crash_point": {
        "x": 0.0,
        "y": 0.0
    }
}