{
    "vehicle1": {
        "start_position": {
            "x": 11.0,
            "y": -122.9,
            "z": 0.5
        },
        "speed_kmh": 88.5137,
        "yaw": 96.55648572178261,
        "trajectory": [
            [
                10.999999999999993,
                -122.90000000000002
            ],
            [
                10.554122316470636,
                -117.918330244931
            ],
            [
                10.10824463294127,
                -112.93666048986204
            ],
            [
                9.662366949411904,
                -107.95499073479303
            ],
            [
                9.216489265882547,
                -102.97332097972406
            ],
            [
                8.770611582353183,
                -97.99165122465512
            ],
            [
                8.324733898823816,
                -93.0099814695861
            ],
            [
                7.878856215294459,
                -88.02831171451714
            ],
            [
                7.432978531765093,
                -83.04664195944818
            ],
            [
                6.987100848235729,
                -78.06497220437917
            ],
            [
                6.54122316470637,
                -73.08330244931021
            ],
            [
                6.095345481177005,
                -68.1016326942412
            ],
            [
                5.64946779764764,
                -63.11996293917224
            ],
            [
                5.203590114118274,
                -58.13829318410328
            ],
            [
                4.757712430588917,
                -53.15662342903427
            ],
            [
                4.311834747059551,
                -48.17495367396531
            ],
            [
                3.8659570635301863,
                -43.1932839188963
            ],
            [
                3.4200793800008285,
                -38.21161416382734
            ],
            [
                2.974201696471463,
                -33.229944408758385
            ],
            [
                2.5283240129420976,
                -28.24827465368937
            ],
            [
                2.0824463294127398,
                -23.266604898620415
            ],
            [
                1.6365686458833746,
                -18.284935143551458
            ],
            [
                1.1906909623540094,
                -13.303265388482442
            ],
            [
                0.7448132788246514,
                -8.321595633413429
            ],
            [
                0.2989355952952858,
                -3.339925878344471
            ],
            [
                1.2934098236883074e-14,
                -5.079270337660091e-14
            ],
            [
                -0.5709134158008964,
                4.967298850649008
            ],
            [
                -1.1418268316018056,
                9.934597701297951
            ],
            [
                -1.7127402474027078,
                14.901896551946896
            ],
            [
                -2.283653663203617,
                19.869195402595842
            ]
        ]
    },
    "vehicle2": {
        "start_position": {
            "x": -10.0,
            "y": 122.9,
            "z": 0.5
        },
        "speed_kmh": 88.35122929797508,
        "yaw": -83.52565178885396,
        "trajectory": [
            [
                -9.99999999999999,
                122.89999999999992
            ],
            [
                -9.596411956615967,
                117.91370754201728
            ],
            [
                -9.192823913231946,
                112.92741508403465
            ],
            [
                -8.789235869847923,
                107.94112262605199
            ],
            [
                -8.3856478264639,
                102.95483016806936
            ],
            [
                -7.98205978307988,
                97.96853771008672
            ],
            [
                -7.578471739695858,
                92.98224525210408
            ],
            [
                -7.174883696311838,
                87.99595279412144
            ],
            [
                -6.771295652927815,
                83.00966033613881
            ],
            [
                -6.367707609543793,
                78.02336787815617
            ],
            [
                -5.96411956615977,
                73.03707542017352
            ],
            [
                -5.560531522775749,
                68.05078296219088
            ],
            [
                -5.156943479391728,
                63.064490504208244
            ],
            [
                -4.7533554360077055,
                58.0781980462256
            ],
            [
                -4.349767392623683,
                53.09190558824296
            ],
            [
                -3.9938819868193094,
                48.52756464636034
            ],
            [
                -3.6133145631445163,
                43.75872976968543
            ],
            [
                -3.157846895386197,
                38.342599013036136
            ],
            [
                -2.6826283768178474,
                32.762057802303026
            ],
            [
                -2.2428018517857367,
                27.49993366245325
            ],
            [
                -1.8935090580452698,
                23.039044126723006
            ],
            [
                -1.498652668703694,
                18.19136602832032
            ],
            [
                -1.0879168432005382,
                13.205657265572025
            ],
            [
                -0.6771810176973886,
                8.219948502823732
            ],
            [
                -0.2664451921942328,
                3.234239740075436
            ],
            [
                1.2934098236883074e-14,
                -5.079270337660091e-14
            ],
            [
                0.570913415800915,
                -4.967298850648995
            ],
            [
                1.1418268316018243,
                -9.93459770129794
            ],
            [
                1.7127402474027336,
                -14.901896551946885
            ],
            [
                2.2836536632036357,
                -19.869195402595885
            ]
        ]
    },
    "crash_point": {
        "x": 0.0,
        "y": 0.0
    }
}