{
    "vehicle1": {
        "start_position": {
            "x": -115.88,
            "y": 22.39,
            "z": 0.5
        },
        "speed_kmh": 88.5137,
        "yaw": -8.62829826622778,
        "trajectory": [
            [
                -115.87999999999994,
                22.38999999999999
            ],
            [
                -110.96790503005623,
                21.433496733896874
            ],
            [
                -106.05581006011252,
                20.476993467793758
            ],
            [
                -101.14371509016883,
                19.52049020169064
            ],
            [
                -96.23162012022512,
                18.563986935587526
            ],
            [
                -91.31952515028141,
                17.60748366948441
            ],
            [
                -86.4074301803377,
                16.650980403381293
            ],
            [
                -81.5331210544962,
                15.700213074259516
            ],
            [
                -77.16874567235723,
                14.829053005125203
            ],
            [
                -71.92761838192024,
                13.828424969299919
            ],
            [
                -66.42360462469655,
                12.790558731153215
            ],
            [
                -61.27028385775057,
                11.8076404132787
            ],
            [
                -56.93066268336578,
                10.949429540932337
            ],
            [
                -52.01578693550853,
                10.007319210378187
            ],
            [
                -47.100911187651285,
                9.065208879824034
            ],
            [
                -42.18603543979404,
                8.123098549269882
            ],
            [
                -37.271159691936795,
                7.180988218715731
            ],
            [
                -32.35628394407955,
                6.2388778881615785
            ],
            [
                -27.441408196222298,
                5.296767557607426
            ],
            [
                -22.526532448365053,
                4.354657227053274
            ],
            [
                -17.611656700507808,
                3.412546896499122
            ],
            [
                -12.696780952650562,
                2.4704365659449703
            ],
            [
                -7.805084912850154,
                1.5317715927418305
            ],
            [
                -3.4574561934883907,
                0.6672281633965071
            ],
            [
                1.96556827480876e-08,
                -2.99587754604147e-09
            ],
            [
                5.510309255524765,
                -0.8435308108431043
            ],
            [
                10.8767477605882,
                -1.672043638824814
            ],
            [
                15.484867785340398,
                -2.39126158596508
            ],
            [
                20.18026666400456,
                -3.1332979269285026
            ]
        ]
    },
    "vehicle2": {
        "start_position": {
            "x": 95.55,
            "y": -16.12,
            "z": 0.5
        },
        "speed_kmh": 72.67194087968372,
        "yaw": 171.0153179744963,
        "trajectory": [
            [
                95.54999999999984,
                -16.119999999999976
            ],
            [
                90.61990337245724,
                -15.285046475449402
            ],
            [
                85.68980674491468,
                -14.45009295089883
            ],
            [
                80.7597101173721,
                -13.615139426348255
            ],
            [
                75.82961348982951,
                -12.780185901797683
            ],
            [
                70.89951686228693,
                -11.945232377247109
            ],
            [
                65.96942023474436,
                -11.110278852696535
            ],
            [
                61.03932360720177,
                -10.275325328145964
            ],
            [
                56.10922697965919,
                -9.44037180359539
            ],
            [
                51.179130352116616,
                -8.605418279044816
            ],
            [
                46.24903372457403,
                -7.770464754494245
            ],
            [
                41.318937097031444,
                -6.935511229943671
            ],
            [
                36.38884046948887,
                -6.100557705393098
            ],
            [
                31.458743841946294,
                -5.265604180842525
            ],
            [
                26.528647214403705,
                -4.430650656291952
            ],
            [
                21.59855058686113,
                -3.5956971317413795
            ],
            [
                16.668453959318555,
                -2.760743607190806
            ],
            [
                12.321441250788894,
                -2.0237179837253407
            ],
            [
                7.123047863325279,
                -1.163495104139191
            ],
            [
                1.5996844730496946,
                -0.2604682662540634
            ],
            [
                1.965568280359875e-08,
                -2.995877323996865e-09
            ],
            [
                -5.0400528036790755,
                0.7643280532414474
            ],
            [
                -9.453437913924201,
                1.4240090262085987
            ],
            [
                -14.399026027492665,
                2.1596435896504813
            ],
            [
                -19.344614141061125,
                2.895278153092363
            ]
        ]
    },
    "crash_point": {
        "x": 0.0,
        "y": 0.0
    }
}