{
    "vehicle1": {
        "start_position": {
            "x": 42.0,
            "y": -13.0,
            "z": 0.5
        },
        "speed_kmh": 30.57746,
        "yaw": -179.5978871274991,
        "trajectory": [
            [
                42.02367696318498,
                -16.373599508789273
            ],
            [
                32.9531828230643,
                -16.394995900129516
            ],
            [
                27.512492122866572,
                -16.317744834911217
            ],
            [
                21.879953149646884,
                -16.184056868727065
            ],
            [
                16.759113993479026,
                -16.003093469524494
            ],
            [
                9.429401441055346,
                -12.781332513924848
            ],
            [
                4.971468493858394,
                -9.984958387194277
            ],
            [
                1.8298385017171293,
                -5.617142207758318
            ],
            [
                0.0,
                0.0
            ],
            [
                -0.7835617098132351,
                5.717174535281396
            ]
        ]
    },
    "vehicle2": {
        "start_position": {
            "x": 12.0,
            "y": -110.0,
            "z": 0.5
        },
        "speed_kmh": 67.9579612142404,
        "yaw": 97.87147162278484,
        "trajectory": [
            [
                11.032623623710743,
                -110.12637235012525
            ],
            [
                9.737288409415788,
                -100.21062191545782
            ],
            [
                9.08962080226831,
                -95.2527466981241
            ],
            [
                7.794285587973356,
                -85.33699626345667
            ],
            [
                7.146617980825878,
                -80.37912104612295
            ],
            [
                5.851282766530925,
                -70.4633706114555
            ],
            [
                4.797522067824081,
                -62.10852736286288
            ],
            [
                4.167881404711991,
                -56.56313888417057
            ],
            [
                3.6042941541186266,
                -51.1570267249387
            ],
            [
                3.1287338943013467,
                -46.17969384426958
            ],
            [
                2.1776132527419327,
                -36.22502812787309
            ],
            [
                1.2554403493077575,
                -26.573336654376085
            ],
            [
                1.1249495536098062,
                -21.05086971885824
            ],
            [
                0.5544336484094516,
                -12.562485560166902
            ],
            [
                0.21118971298424816,
                -5.027999046540494
            ],
            [
                0.0,
                0.0
            ],
            [
                -0.43022336692052443,
                5.273307198805796
            ]
        ]
    },
    "crash_point": {
        "x": 0.0,
        "y": 0.0
    }
}