{
    "vehicle1": {
        "start_position": {
            "x": 6.818927251820023,
            "y": 30.030224063775155,
            "z": 0.5
        },
        "speed_kmh": 40.2335,
        "yaw": -89.04801681918596,
        "trajectory": [
            [
                7.909187521962773,
                30.048343636823333
            ],
            [
                6.784651057815269,
                21.50584462435429
            ],
            [
                5.288370196917219,
                16.310379682148394
            ],
            [
                3.4923152174870733,
                11.639992784797315
            ],
            [
                2.4891136157644955,
                6.481960501389537
            ],
            [
                0.0,
                0.0
            ],
            [
                -2.299218773675661,
                -4.660180732551122
            ],
            [
                -6.934782131159235,
                -11.551238277834663
            ],
            [
                -12.545273158343747,
                -17.360256992210484
            ],
            [
                -20.385876297076166,
                -25.073058873804143
            ]
        ]
    },
    "vehicle2": {
        "start_position": {
            "x": -130.0,
            "y": 65.0,
            "z": 0.5
        },
        "speed_kmh": 181.56822904674047,
        "yaw": -27.10337201186936,
        "trajectory": [
            [
                -129.75879133875662,
                65.47129465568035
            ],
            [
                -125.30786137366988,
                63.193308166279465
            ],
            [
                -120.85693140858314,
                60.91532167687858
            ],
            [
                -111.95507147840968,
                56.359348698076786
            ],
            [
                -107.50414151332293,
                54.081362208675884
            ],
            [
                -98.60228158314948,
                49.525389229874094
            ],
            [
                -94.15135161806273,
                47.247402740473206
            ],
            [
                -85.24949168788928,
                42.691429761671415
            ],
            [
                -80.79856172280253,
                40.41344327227053
            ],
            [
                -71.89670179262907,
                35.85747029346874
            ],
            [
                -62.99484186245562,
                31.301497314666943
            ],
            [
                -58.54391189736888,
                29.023510825266055
            ],
            [
                -53.370950180755194,
                26.370832920297737
            ],
            [
                -48.73483747602141,
                23.983935584127153
            ],
            [
                -43.76615321919543,
                21.419821618763258
            ],
            [
                -38.89527735652024,
                18.90072477893269
            ],
            [
                -32.523685540678045,
                15.59357902352234
            ],
            [
                -28.089310272752044,
                13.283532209385774
            ],
            [
                -23.65493498975578,
                10.973485489176028
            ],
            [
                -17.561247135133023,
                7.799035257926823
            ],
            [
                -11.476798660802414,
                5.509686686496816
            ],
            [
                -4.031641788478659,
                1.9331650388080686
            ],
            [
                5.212727793113338,
                -2.826136843866035
            ]
        ]
    },
    "crash_point": {
        "x": 0.0,
        "y": 0.0
    }
}