{
    "vehicle1": {
        "start_position": {
            "x": -60.0,
            "y": -35.0,
            "z": 0.5
        },
        "speed_kmh": 88.5137,
        "yaw": 34.383865560269825,
        "trajectory": [
            [
                -59.99999999999999,
                -35.0
            ],
            [
                -55.781839062639555,
                -32.310475671989565
            ],
            [
                -51.563678125279104,
                -29.620951343979133
            ],
            [
                -47.71207754687351,
                -27.240947701970597
            ],
            [
                -43.10241805755612,
                -24.441014420914307
            ],
            [
                -38.30883482761383,
                -21.56494470379273
            ],
            [
                -33.97525210541459,
                -19.004463129619104
            ],
            [
                -30.218797354329755,
                -16.83972185577808
            ],
            [
                -25.43550114411712,
                -14.124254996989759
            ],
            [
                -21.45698972652464,
                -11.917613053492941
            ],
            [
                -17.300708571058372,
                -9.604051855712985
            ],
            [
                -12.49918156678696,
                -6.906595043610368
            ],
            [
                -7.701069566205762,
                -4.220005450957743
            ],
            [
                -3.5540542001910227,
                -1.9384716100955799
            ],
            [
                -2.886579864025407e-14,
                -1.554312234475219e-14
            ],
            [
                4.305259615906834,
                2.54258522760623
            ],
            [
                8.610519231813697,
                5.0851704552124755
            ],
            [
                12.91577884772056,
                7.627755682818721
            ],
            [
                17.221038463627423,
                10.17034091042496
            ]
        ]
    },
    "vehicle2": {
        "start_position": {
            "x": 104.0,
            "y": 56.0,
            "z": 0.5
        },
        "speed_kmh": 150.47623938653172,
        "yaw": -149.71164394843544,
        "trajectory": [
            [
                103.99999990875297,
                55.99999994670441
            ],
            [
                99.83666407831149,
                53.79075107255758
            ],
            [
                95.00437101816576,
                51.18366318131708
            ],
            [
                90.15951882111969,
                48.5640624536225
            ],
            [
                85.95814384625128,
                46.31706896090279
            ],
            [
                81.77538200235144,
                44.07444658904538
            ],
            [
                77.37058915904049,
                41.70039706271318
            ],
            [
                72.96579631572955,
                39.32634753638097
            ],
            [
                68.56100347241862,
                36.95229801004877
            ],
            [
                64.15621062910768,
                34.578248483716564
            ],
            [
                59.75141778579674,
                32.204198957384364
            ],
            [
                55.34662494248582,
                29.83014943105217
            ],
            [
                50.941832099174874,
                27.456099904719974
            ],
            [
                46.53703925586394,
                25.08205037838777
            ],
            [
                42.132246412553,
                22.70800085205557
            ],
            [
                37.72745356924206,
                20.333951325723365
            ],
            [
                33.32266072593112,
                17.959901799391165
            ],
            [
                28.917867882620186,
                15.585852273058965
            ],
            [
                24.513075039309246,
                13.211802746726761
            ],
            [
                20.10828219599831,
                10.837753220394559
            ],
            [
                15.70348935268737,
                8.463703694062357
            ],
            [
                11.298696509376432,
                6.08965416773016
            ],
            [
                6.893903666065494,
                3.7156046413979573
            ],
            [
                2.4891108227545558,
                1.3415551150657539
            ],
            [
                -2.886579864025407e-14,
                -1.554312234475219e-14
            ],
            [
                -4.01118652128839,
                -2.371018660707401
            ],
            [
                -8.20960972656291,
                -4.875416564759244
            ],
            [
                -12.96445390593965,
                -7.7272459805953915
            ],
            [
                -17.627983825262564,
                -10.532290986700572
            ]
        ]
    },
    "crash_point": {
        "x": 0.0,
        "y": 0.0
    }
}