{
    "vehicle1": {
        "start_position": {
            "x": -123.0,
            "y": -39.0,
            "z": 0.5
        },
        "speed_kmh": 88.5137,
        "yaw": 20.32652919754952,
        "trajectory": [
            [
                -123.00000000000027,
                -39.0000000000001
            ],
            [
                -118.24276724247777,
                -37.44831475984357
            ],
            [
                -113.4855344849553,
                -35.896629519687046
            ],
            [
                -108.72830172743282,
                -34.344944279530516
            ],
            [
                -103.97106896991032,
                -32.79325903937399
            ],
            [
                -99.21383621238783,
                -31.241573799217463
            ],
            [
                -94.45660345486536,
                -29.689888559060936
            ],
            [
                -89.69937069734286,
                -28.138203318904406
            ],
            [
                -84.94213793982038,
                -26.58651807874788
            ],
            [
                -80.1849051822979,
                -25.03483283859135
            ],
            [
                -75.4276724247754,
                -23.483147598434826
            ],
            [
                -70.67043966725292,
                -21.931462358278296
            ],
            [
                -65.91320690973043,
                -20.37977711812177
            ],
            [
                -61.15597415220795,
                -18.82809187796524
            ],
            [
                -56.39874139468546,
                -17.276406637808712
            ],
            [
                -51.64150863716298,
                -15.724721397652187
            ],
            [
                -46.88427587964049,
                -14.173036157495654
            ],
            [
                -42.127043122117996,
                -12.621350917339129
            ],
            [
                -37.369810364595516,
                -11.069665677182602
            ],
            [
                -32.61257760707303,
                -9.517980437026075
            ],
            [
                -27.855344849550548,
                -7.966295196869551
            ],
            [
                -23.098112092028053,
                -6.414609956713018
            ],
            [
                -18.340879334505562,
                -4.862924716556491
            ],
            [
                -14.044701881865402,
                -3.535008216020283
            ],
            [
                -9.084248944439837,
                -2.1845796854551507
            ],
            [
                -3.6887500273336205,
                -0.8388735966303387
            ],
            [
                -3.899355197622967e-07,
                -1.0052301968599409e-07
            ],
            [
                4.154160194902079,
                1.0005253820429514
            ],
            [
                8.529663537888585,
                1.883371263281841
            ],
            [
                13.740816723533817,
                2.831674536342054
            ],
            [
                19.247227072733548,
                3.766990118549204
            ]
        ]
    },
    "vehicle2": {
        "start_position": {
            "x": 90.0,
            "y": 8.0,
            "z": 0.5
        },
        "speed_kmh": 62.08750897761213,
        "yaw": -178.9126438086743,
        "trajectory": [
            [
                89.99999999157971,
                7.999999999840179
            ],
            [
                84.4576103486595,
                7.966272660536376
            ],
            [
                78.94432093926663,
                7.908424194248571
            ],
            [
                73.949235839133,
                7.850149056081294
            ],
            [
                69.80165659789645,
                7.808541287469156
            ],
            [
                64.69007548259646,
                7.699940700334944
            ],
            [
                59.25264089887233,
                7.514409625751945
            ],
            [
                55.006546138674565,
                7.277045404352399
            ],
            [
                50.38010078315191,
                6.909125593961748
            ],
            [
                45.020075463974734,
                6.428548844533584
            ],
            [
                39.463724315462855,
                5.890744436386299
            ],
            [
                34.24656176259835,
                5.351132570553917
            ],
            [
                29.909616861335206,
                4.866135404467082
            ],
            [
                25.637230089653208,
                4.319366004509711
            ],
            [
                20.47817545962646,
                3.590527706488608
            ],
            [
                14.966337579734864,
                2.755860454525474
            ],
            [
                9.634026509349166,
                1.891586562308739
            ],
            [
                5.018461966786267,
                1.0753149931847616
            ],
            [
                1.0063003512086823,
                0.2365753238199897
            ],
            [
                -3.8993551981780783e-07,
                -1.0052301946394948e-07
            ],
            [
                -5.135655213697964,
                -1.3906394868927643
            ],
            [
                -10.431727461561913,
                -2.948158959263786
            ],
            [
                -15.042711959565086,
                -4.440921609391705
            ],
            [
                -19.393543664927723,
                -6.036424351441469
            ]
        ]
    },
    "crash_point": {
        "x": 0.0,
        "y": 0.0
    }
}