{
    "vehicle1": {
        "start_position": {
            "x": -139.73,
            "y": -159.9,
            "z": 0.5
        },
        "speed_kmh": 152.8873,
        "yaw": 48.838669209605925,
        "trajectory": [
            [
                -139.73000000000008,
                -159.9000000000001
            ],
            [
                -136.43991135716522,
                -156.13498766199615
            ],
            [
                -133.14982271433036,
                -152.36997532399218
            ],
            [
                -129.85973407149552,
                -148.60496298598824
            ],
            [
                -126.56964542866066,
                -144.83995064798427
            ],
            [
                -123.2795567858258,
                -141.0749383099803
            ],
            [
                -119.98946814299094,
                -137.30992597197636
            ],
            [
                -116.6993795001561,
                -133.54491363397239
            ],
            [
                -113.40929085732125,
                -129.77990129596844
            ],
            [
                -110.11920221448639,
                -126.01488895796447
            ],
            [
                -106.82911357165155,
                -122.24987661996052
            ],
            [
                -103.53902492881669,
                -118.48486428195655
            ],
            [
                -100.24893628598183,
                -114.71985194395259
            ],
            [
                -96.95884764314697,
                -110.95483960594864
            ],
            [
                -93.66875900031212,
                -107.18982726794468
            ],
            [
                -90.37867035747726,
                -103.42481492994072
            ],
            [
                -87.08858171464242,
                -99.65980259193675
            ],
            [
                -83.79849307180756,
                -95.8947902539328
            ],
            [
                -80.50840442897271,
                -92.12977791592884
            ],
            [
                -77.21831578613785,
                -88.36476557792489
            ],
            [
                -73.928227143303,
                -84.59975323992093
            ],
            [
                -70.63813850046813,
                -80.83474090191696
            ],
            [
                -67.34804985763328,
                -77.069728563913
            ],
            [
                -64.05796121479842,
                -73.30471622590905
            ],
            [
                -60.76787257196358,
                -69.53970388790509
            ],
            [
                -57.47778392912872,
                -65.77469154990112
            ],
            [
                -54.18769528629386,
                -62.009679211897165
            ],
            [
                -50.89760664345903,
                -58.24466687389321
            ],
            [
                -47.60751800062416,
                -54.47965453588925
            ],
            [
                -44.3174293577893,
                -50.71464219788529
            ],
            [
                -41.02734071495444,
                -46.949629859881334
            ],
            [
                -37.73725207211961,
                -43.18461752187737
            ],
            [
                -34.44716342928474,
                -39.419605183873415
            ],
            [
                -31.157074786449883,
                -35.65459284586946
            ],
            [
                -27.866986143615023,
                -31.889580507865496
            ],
            [
                -24.57689750078019,
                -28.124568169861536
            ],
            [
                -21.286808857945328,
                -24.359555831857577
            ],
            [
                -17.996720215110468,
                -20.59454349385362
            ],
            [
                -14.706631572275604,
                -16.82953115584966
            ],
            [
                -11.416542929440773,
                -13.064518817845702
            ],
            [
                -8.12645428660591,
                -9.299506479841742
            ],
            [
                -4.83636564377105,
                -5.534494141837783
            ],
            [
                -1.546277000936216,
                -1.7694818038338243
            ],
            [
                -4.085620730620576e-14,
                -3.8413716652030416e-14
            ],
            [
                3.290907507687665,
                3.764296451641987
            ],
            [
                6.244755653906918,
                7.139297541796923
            ],
            [
                9.410744867640934,
                10.73670294316752
            ],
            [
                12.981424801707327,
                14.778241917177972
            ]
        ]
    },
    "vehicle2": {
        "start_position": {
            "x": -95.61,
            "y": -109.41,
            "z": 0.5
        },
        "speed_kmh": 104.61216152387603,
        "yaw": 48.838669209605925,