{
    "vehicle1": {
        "start_position": {
            "x": -24.1,
            "y": 93.0,
            "z": 0.5
        },
        "speed_kmh": 93.34172,
        "yaw": -77.23129721196048,
        "trajectory": [
            [
                -24.100000130503368,
                93.00000057586878
            ],
            [
                -23.11613458019251,
                87.61202344529765
            ],
            [
                -22.218355166981237,
                82.96221981634088
            ],
            [
                -21.208291363471538,
                78.43329745227965
            ],
            [
                -20.087312150516844,
                73.55379572088582
            ],
            [
                -18.96633293756215,
                68.67429398949201
            ],
            [
                -17.845353724607456,
                63.794792258098205
            ],
            [
                -16.724374511652762,
                58.91529052670438
            ],
            [
                -15.603395298698066,
                54.03578879531057
            ],
            [
                -14.482416085743372,
                49.156287063916764
            ],
            [
                -13.361436872788678,
                44.27678533252295
            ],
            [
                -12.298201621893636,
                39.793191953720616
            ],
            [
                -10.852807653265439,
                34.542722370398764
            ],
            [
                -9.39715363166336,
                29.455851460702107
            ],
            [
                -8.226770307943525,
                25.31668678143514
            ],
            [
                -6.6490085422253875,
                20.18299459497178
            ],
            [
                -5.034778522557331,
                15.074876512779191
            ],
            [
                -3.761917665108048,
                11.042292510689098
            ],
            [
                -2.185149472837116,
                6.328049361970986
            ],
            [
                -0.3733882168797973,
                1.0739132563862746
            ],
            [
                -5.734959174219512e-10,
                1.432794771716317e-09
            ],
            [
                2.0113676625937105,
                -4.997990120538959
            ],
            [
                3.7232906634234473,
                -9.190466445099029
            ],
            [
                5.399634032383337,
                -13.191894742529497
            ],
            [
                7.465822663698814,
                -18.044770465887503
            ]
        ]
    },
    "vehicle2": {
        "start_position": {
            "x": 37.8,
            "y": -85.7,
            "z": 0.5
        },
        "speed_kmh": 90.76817443327383,
        "yaw": 117.44410169967814,
        "trajectory": [
            [
                37.80000001967281,
                -85.70000003788131
            ],
            [
                35.38246663348396,
                -80.86519962571693
            ],
            [
                33.4984302068281,
                -76.97297858076818
            ],
            [
                31.317281519568066,
                -72.37210165621744
            ],
            [
                28.942152498285072,
                -67.32260770322867
            ],
            [
                26.888551863108386,
                -62.89882031049057
            ],
            [
                25.1244620153191,
                -59.034934443110686
            ],
            [
                22.961610278477046,
                -54.30559488603122
            ],
            [
                20.63616475967439,
                -49.21539540125318
            ],
            [
                18.411170512444645,
                -44.324932453816814
            ],
            [
                16.54979943619015,
                -40.19505923920493
            ],
            [
                14.52993085131339,
                -35.674261960016445
            ],
            [
                12.668082508380385,
                -31.337565883115573
            ],
            [
                10.861586921154599,
                -26.990687927615213
            ],
            [
                8.768663179327534,
                -21.95655608485008
            ],
            [
                6.6384817841134325,
                -16.80236624839487
            ],
            [
                4.7199328168453185,
                -12.094604225165671
            ],
            [
                3.191636391989242,
                -8.231049956789144
            ],
            [
                1.4435183232143716,
                -3.7359029955948975
            ],
            [
                -5.73496361511161e-10,
                1.4327946606940145e-09
            ],
            [
                -2.0688420912663794,
                5.194284586924642
            ],
            [
                -3.952600037116035,
                9.974316829694743
            ],
            [
                -5.47456818910274,
                13.907456638828071
            ],
            [
                -7.2732376226406945,
                18.74401244002173
            ]
        ]
    },
    "crash_point": {
        "x": 0.0,
        "y": 0.0
    }
}