{
    "vehicle1": {
        "start_position": {
            "x": -62.0,
            "y": -82.0,
            "z": 0.5
        },
        "speed_kmh": 72.4203,
        "yaw": 43.454029834670834,
        "trajectory": [
            [
                -62.00000001705403,
                -82.00000001615768
            ],
            [
                -58.180543609518935,
                -78.35836168138576
            ],
            [
                -55.24871899728538,
                -75.32990187818648
            ],
            [
                -51.6860192159276,
                -71.37982878356945
            ],
            [
                -48.185253177922625,
                -67.46095612135774
            ],
            [
                -45.3207341289778,
                -64.14155666448835
            ],
            [
                -41.79708818391188,
                -59.93800000813778
            ],
            [
                -38.950230100467934,
                -56.449249148366846
            ],
            [
                -35.779465843333604,
                -52.45189131137768
            ],
            [
                -32.48265389175083,
                -48.19131277327345
            ],
            [
                -29.759204097158296,
                -44.470391317907925
            ],
            [
                -26.834692022127268,
                -40.414872890995625
            ],
            [
                -23.91017994709624,
                -36.359354464083324
            ],
            [
                -21.211139326220287,
                -32.58733015345377
            ],
            [
                -18.15840437298734,
                -28.161907616062138
            ],
            [
                -15.305659229158042,
                -23.90759620554563
            ],
            [
                -12.729500167333342,
                -19.92719974732382
            ],
            [
                -10.016806713832345,
                -15.727045605466607
            ],
            [
                -7.304113260331347,
                -11.526891463609397
            ],
            [
                -4.686261726603791,
                -7.471286840795812
            ],
            [
                -2.0220315885210534,
                -3.244993027525612
            ],
            [
                -7.478872188215746e-09,
                -1.2027340012821242e-08
            ],
            [
                2.4714181473203856,
                3.976880380735806
            ],
            [
                5.087876762860458,
                8.036684989083886
            ],
            [
                8.125880045156626,
                12.678022554362633
            ],
            [
                10.744109881944965,
                16.640437862061532
            ]
        ]
    },
    "vehicle2": {
        "start_position": {
            "x": 21.5,
            "y": 24.5,
            "z": 0.5
        },
        "speed_kmh": 22.83111353617166,
        "yaw": -122.2354347548879,
        "trajectory": [
            [
                21.499999937435202,
                24.499999900784918
            ],
            [
                17.90804258817719,
                20.20279146209261
            ],
            [
                14.745818495031195,
                16.64583248836132
            ],
            [
                11.457530669032966,
                13.161373491285254
            ],
            [
                7.883844455553294,
                9.052071127227308
            ],
            [
                4.434790824223444,
                5.113696024504303
            ],
            [
                1.4493412763012605,
                1.7307217384282274
            ],
            [
                -7.478872188215746e-09,
                -1.2027340012821242e-08
            ],
            [
                -2.928331177393507,
                -4.6939232283684325
            ],
            [
                -5.4400487237104125,
                -8.643524720041198
            ],
            [
                -8.152097953012888,
                -12.844094797761583
            ],
            [
                -10.864147182315365,
                -17.04466487548197
            ]
        ]
    },
    "crash_point": {
        "x": 0.0,
        "y": 0.0
    }
}