{
    "vehicle1": {
        "start_position": {
            "x": 51.6,
            "y": -33.0,
            "z": 0.5
        },
        "speed_kmh": 88.5137,
        "yaw": 148.12066818028666,
        "trajectory": [
            [
                51.6,
                -33.0
            ],
            [
                47.563776487217055,
                -30.022352017560813
            ],
            [
                43.5275529744341,
                -27.044704035121633
            ],
            [
                39.953119434515706,
                -24.416001806011145
            ],
            [
                35.62550295685095,
                -21.49496702013683
            ],
            [
                30.924651462671225,
                -18.470076254861123
            ],
            [
                26.51354579475012,
                -15.698876185108064
            ],
            [
                22.685400924745444,
                -13.351788109563934
            ],
            [
                18.36279597499747,
                -10.80766268009305
            ],
            [
                14.040191025249499,
                -8.263537250622168
            ],
            [
                9.717586075501528,
                -5.719411821151283
            ],
            [
                5.394981125753556,
                -3.1752863916804
            ],
            [
                1.0723761760055843,
                -0.6311609622095156
            ],
            [
                5.329070518200751e-15,
                -2.220446049250313e-15
            ],
            [
                -4.496206893186018,
                2.187263946958955
            ],
            [
                -8.688179843607193,
                4.207920163040537
            ],
            [
                -13.50937864352126,
                6.414903789334549
            ],
            [
                -18.578999608086633,
                8.629096539920937
            ]
        ]
    },
    "vehicle2": {
        "start_position": {
            "x": -105.0,
            "y": 37.0,
            "z": 0.5
        },
        "speed_kmh": 161.07142983463478,
        "yaw": -14.045625483533792,
        "trajectory": [
            [
                -105.00000007334806,
                37.00000001834978
            ],
            [
                -99.58774026811247,
                35.6263893285097
            ],
            [
                -94.63548408028221,
                34.35205143489239
            ],
            [
                -90.59451714639344,
                33.28813962378358
            ],
            [
                -85.85203065026751,
                32.01380370491192
            ],
            [
                -80.47427944712378,
                30.541598745086354
            ],
            [
                -75.33570360240049,
                29.092378206007126
            ],
            [
                -71.21768250121079,
                27.861261793895917
            ],
            [
                -66.73666992147808,
                26.461609507275192
            ],
            [
                -61.540516473951314,
                24.802073814482238
            ],
            [
                -56.22435694325881,
                23.05199326242683
            ],
            [
                -51.378819231654276,
                21.37884462555657
            ],
            [
                -47.1472412108516,
                19.788689738039658
            ],
            [
                -42.48241902446262,
                17.988810021956365
            ],
            [
                -37.817596838073655,
                16.188930305873072
            ],
            [
                -33.15277465168468,
                14.38905058978978
            ],
            [
                -28.48795246529571,
                12.589170873706488
            ],
            [
                -23.823130278906735,
                10.789291157623193
            ],
            [
                -19.496442248875532,
                9.067373178976984
            ],
            [
                -14.524385060781368,
                6.9076940552509365
            ],
            [
                -9.56192111093747,
                4.643842753967703
            ],
            [
                -5.387164873974613,
                2.6360718097809874
            ],
            [
                -0.8960033685658801,
                0.43843640887172297
            ],
            [
                5.10702591327572e-15,
                -2.6645352591003757e-15
            ],
            [
                4.496206893186029,
                -2.18726394695896
            ],
            [
                8.992413786372055,
                -4.374527893917918
            ],
            [
                13.48862067955808,
                -6.561791840876874
            ],
            [
                17.984827572744102,
                -8.749055787835832
            ]
        ]
    },
    "crash_point": {
        "x": 0.0,
        "y": 0.0
    }
}