{
    "vehicle1": {
        "start_position": {
            "x": 140.0,
            "y": -25.0,
            "z": 0.5
        },
        "speed_kmh": 123.91918,
        "yaw": 167.07837427625228,
        "trajectory": [
            [
                139.72848016554545,
                -26.183465031357997
            ],
            [
                129.9817115533627,
                -23.947284890902257
            ],
            [
                121.22715801526654,
                -21.945032810889867
            ],
            [
                116.05654999657145,
                -20.77374643611197
            ],
            [
                110.59523675295674,
                -19.538588942983452
            ],
            [
                105.44419507871581,
                -18.37153842003635
            ],
            [
                97.0063464427786,
                -16.43409287713453
            ],
            [
                91.69813038350554,
                -15.199197270827279
            ],
            [
                86.32751439514041,
                -13.948064351095034
            ],
            [
                81.07434468556453,
                -12.728617383197982
            ],
            [
                71.3545633572006,
                -10.496797822722876
            ],
            [
                66.01731707914804,
                -9.274344335855456
            ],
            [
                56.60584533970401,
                -7.115793883962551
            ],
            [
                51.73253782434807,
                -5.997369161070858
            ],
            [
                41.9859227936362,
                -3.7605197152874723
            ],
            [
                32.239307762924334,
                -1.5236702695040858
            ],
            [
                27.36600024756839,
                -0.40524554661239165
            ],
            [
                21.950612758662526,
                0.8375866023020446
            ],
            [
                16.07982119225934,
                -1.0313835079756877
            ],
            [
                7.650518413380248,
                -0.40010876533935846
            ],
            [
                0.0,
                0.0
            ],
            [
                -5.436384274297905,
                1.824493304164732
            ]
        ]
    },
    "vehicle2": {
        "start_position": {
            "x": -8.0,
            "y": -40.0,
            "z": 0.5
        },
        "speed_kmh": 35.51797419769497,
        "yaw": 79.4291053344761,
        "trajectory": [
            [
                -8.82690507212886,
                -39.8456836468857
            ],
            [
                -6.99238495661128,
                -30.015396980375854
            ],
            [
                -5.1578648410937,
                -20.185110313865998
            ],
            [
                -3.32334472557612,
                -10.354823647356147
            ],
            [
                -2.3876859501536325,
                -4.538931958533285
            ],
            [
                0.0,
                0.0
            ],
            [
                3.7701485222196274,
                7.212048618469667
            ],
            [
                6.736180202179332,
                16.928360160044914
            ]
        ]
    },
    "crash_point": {
        "x": 0.0,
        "y": 0.0
    }
}