{
    "vehicle1": {
        "start_position": {
            "x": -36.2,
            "y": 57.0,
            "z": 0.5
        },
        "speed_kmh": 48.2802,
        "yaw": -60.596446131382216,
        "trajectory": [
            [
                -34.68691433447814,
                57.85270360992528
            ],
            [
                -32.232125378498466,
                53.496786808424105
            ],
            [
                -29.777336422518793,
                49.14087000692293
            ],
            [
                -27.322547466539113,
                44.78495320542176
            ],
            [
                -24.86775851055944,
                40.429036403920584
            ],
            [
                -22.41296955457976,
                36.0731196024194
            ],
            [
                -19.958180598600087,
                31.71720280091823
            ],
            [
                -17.503391642620414,
                27.361285999417056
            ],
            [
                -15.048602686640736,
                23.005369197915876
            ],
            [
                -13.803206114854385,
                20.795466860543193
            ],
            [
                -13.803205808198593,
                20.79546702717561
            ],
            [
                -11.530366562142213,
                16.759237874085713
            ],
            [
                -8.812968327236545,
                11.877731049989707
            ],
            [
                -6.278261445481119,
                7.186013861796094
            ],
            [
                -5.297640381638595,
                5.277176275075879
            ],
            [
                -5.297640320517012,
                5.277176344287916
            ],
            [
                -5.208371574374081,
                5.098204025305149
            ],
            [
                -2.989735672251102,
                5.399990597356354
            ],
            [
                0.0,
                0.0
            ],
            [
                1.6081669212265388,
                -3.816359605347046
            ],
            [
                3.054917021882624,
                -7.306955100223405
            ],
            [
                5.005947770034783,
                -11.805508102640893
            ],
            [
                6.199109768969346,
                -14.786699988196784
            ]
        ]
    },
    "vehicle2": {
        "start_position": {
            "x": -105.76,
            "y": -63.8,
            "z": 0.5
        },
        "speed_kmh": 86.63132814115289,
        "yaw": 30.94246572208314,
        "trajectory": [
            [
                -105.77829981846894,
                -63.76947481022154
            ],
            [
                -101.13359291598942,
                -60.98424005181852
            ],
            [
                -97.26021533455346,
                -58.65987417424767
            ],
            [
                -97.13150091994471,
                -58.58258712270731
            ],
            [
                -97.1315009270601,
                -58.58258709194613
            ],
            [
                -92.84492918030365,
                -56.00862076351264
            ],
            [
                -88.55835743354722,
                -53.43465443507914
            ],
            [
                -84.27178568679076,
                -50.86068810664565
            ],
            [
                -79.98521394003433,
                -48.286721778212154
            ],
            [
                -75.69864219327788,
                -45.712755449778655
            ],
            [
                -71.41207044652144,
                -43.13878912134516
            ],
            [
                -67.12549869976499,
                -40.56482279291167
            ],
            [
                -62.83892695300854,
                -37.99085646447817
            ],
            [
                -58.552355206252095,
                -35.41689013604468
            ],
            [
                -54.26578345949565,
                -32.842923807611186
            ],
            [
                -53.845978929937694,
                -32.59084294032518
            ],
            [
                -53.845978997060094,
                -32.590842841946134
            ],
            [
                -50.01398089289407,
                -30.29152887135514
            ],
            [
                -45.38562289818414,
                -27.516860331649347
            ],
            [
                -40.61189523440019,
                -24.65691485325279
            ],
            [
                -36.34394390814021,
                -22.10186429835936
            ],
            [
                -34.78104936526589,
                -21.166991211071412
            ],
            [
                -34.78104939845789,
                -21.166991176567304
            ],
            [
                -30.48969849273673,
                -18.601000645804156
            ],
            [
                -28.939279508191103,
                -17.67393583090971
            ],
            [
                -28.828409297102322,
                -17.507319693622385
            ],
            [
                -23.042390048434527,
                -14.000277765728901
            ],
            [
                -18.426753332335238,
                -11.197956468519946
            ],
            [
                -14.612701923215738,
                -8.878663335764507
            ],
            [
                -11.231874868374728,
                -6.820962607788107
            ],
            [
                -7.91580819827012,
                -4.8033550751714085
            ],
            [
                -4.29517834535876,
                -2.6038335000311754
            ],
            [
                0.0,
                0.0
            ],
            [
                5.228747205413052,
                3.0638723651925974
            ],
            [
                7.3063052376911655,
                4.252382317527403
            ]
        ]
    },
    "crash_point": {
        "x": 0.0,
        "y": 0.0
    }
}