{
    "vehicle1": {
        "start_position": {
            "x": 95.0,
            "y": -33.0,
            "z": 0.5
        },
        "speed_kmh": 88.5137,
        "yaw": 161.9637234842482,
        "trajectory": [
            [
                95.00000000000001,
                -33.00000000000001
            ],
            [
                90.2796055279288,
                -31.347768102811006
            ],
            [
                85.55921105585756,
                -29.695536205622002
            ],
            [
                80.83881658378633,
                -28.043304308433
            ],
            [
                76.38109576017334,
                -26.47297984066577
            ],
            [
                71.26262649272867,
                -24.677328532614016
            ],
            [
                66.77664212014112,
                -23.124444533052674
            ],
            [
                62.57131142904051,
                -21.746548989564385
            ],
            [
                57.445088219917444,
                -20.12468663797474
            ],
            [
                52.108085113199806,
                -18.432776755852085
            ],
            [
                47.24181674200447,
                -16.83534583651882
            ],
            [
                42.90074594009317,
                -15.302643016962735
            ],
            [
                38.19024474319837,
                -13.622413066003045
            ],
            [
                33.47974354630356,
                -11.94218311504335
            ],
            [
                28.76924234940875,
                -10.26195316408366
            ],
            [
                24.05874115251394,
                -8.581723213123968
            ],
            [
                19.348239955619132,
                -6.901493262164276
            ],
            [
                14.637738758724323,
                -5.221263311204584
            ],
            [
                9.927237561829514,
                -3.5410333602448936
            ],
            [
                5.216736364934707,
                -1.8608034092852015
            ],
            [
                0.5062351680398987,
                -0.1805734583255103
            ],
            [
                2.886579864025407e-15,
                -8.881784197001252e-16
            ],
            [
                -4.661383865132265,
                1.54862974200709
            ],
            [
                -8.876757359378475,
                2.97153741978299
            ],
            [
                -13.858638505221345,
                4.682770408746649
            ],
            [
                -19.154064700825025,
                6.524320836563177
            ]
        ]
    },
    "vehicle2": {
        "start_position": {
            "x": -103.0,
            "y": 53.0,
            "z": 0.5
        },
        "speed_kmh": 102.00200984405632,
        "yaw": -29.195947378853393,
        "trajectory": [
            [
                -102.99999999999999,
                52.999999999999986
            ],
            [
                -98.83434013421419,
                50.204662505070445
            ],
            [
                -94.66868026842839,
                47.40932501014089
            ],
            [
                -90.50302040264259,
                44.61398751521135
            ],
            [
                -86.52885595716252,
                41.8992270336654
            ],
            [
                -81.995965876902,
                38.86451568355799
            ],
            [
                -78.42517531629167,
                36.56432259698263
            ],
            [
                -74.0060217541238,
                34.03338594053395
            ],
            [
                -69.20576431329091,
                31.447279583466777
            ],
            [
                -65.18961236685007,
                29.41224123528948
            ],
            [
                -60.632851550019666,
                27.314012294926535
            ],
            [
                -56.076090733189254,
                25.215783354563598
            ],
            [
                -51.51932991635884,
                23.117554414200654
            ],
            [
                -46.96256909952843,
                21.01932547383771
            ],
            [
                -42.40580828269802,
                18.921096533474774
            ],
            [
                -37.849047465867606,
                16.82286759311183
            ],
            [
                -33.292286649037194,
                14.72463865274889
            ],
            [
                -28.974121894427228,
                12.714653833295552
            ],
            [
                -24.78681615281183,
                10.779911119585936
            ],
            [
                -19.882300346039194,
                8.616157347514552
            ],
            [
                -14.719168398060694,
                6.3832432372459325
            ],
            [
                -9.754873959478804,
                4.24063985636629
            ],
            [
                -5.443871791918368,
                2.3468395078431734
            ],
            [
                -1.1387513854707727,
                0.4843998978511088
            ],
            [
                2.886579864025407e-15,
                -8.881784197001252e-16
            ],
            [
                4.745027799815824,
                -1.576296665915089
            ],
            [
                9.490055599631647,
                -3.152593331830178
            ],
            [
                14.235083399447467,
                -4.728889997745266
            ],
            [
                18.980111199263288,
                -6.305186663660354
            ]
        ]
    },
    "crash_point": {
        "x": 0.0,
        "y": 0.0
    }
}