{
    "vehicle1": {
        "start_position": {
            "x": -30.5,
            "y": -90.0,
            "z": 0.5
        },
        "speed_kmh": 157.71532,
        "yaw": 68.8420318342808,
        "trajectory": [
            [
                -30.499999990667757,
                -89.99999997588759
            ],
            [
                -28.207653352912562,
                -85.00014803371195
            ],
            [
                -26.212215599039872,
                -80.60886437071089
            ],
            [
                -24.527580740710754,
                -76.83893732787361
            ],
            [
                -22.584107817324274,
                -72.12117501040197
            ],
            [
                -20.558348835643013,
                -66.92474140044212
            ],
            [
                -18.693448515691305,
                -61.8999356285278
            ],
            [
                -17.231162291758228,
                -57.693354033149106
            ],
            [
                -15.793324229991438,
                -52.92471383717929
            ],
            [
                -14.348486130046888,
                -48.12428712890972
            ],
            [
                -12.90364803010234,
                -43.323860420640145
            ],
            [
                -11.458809930157791,
                -38.523433712370576
            ],
            [
                -10.013971830213244,
                -33.723007004101
            ],
            [
                -8.569133730268696,
                -28.92258029583143
            ],
            [
                -7.124295630324147,
                -24.122153587561854
            ],
            [
                -5.679457530379599,
                -19.321726879292285
            ],
            [
                -4.316494470673,
                -14.880315698239588
            ],
            [
                -2.9484858504929488,
                -10.337364138528764
            ],
            [
                -1.4489370653037303,
                -5.12422693100158
            ],
            [
                -3.900868073003494e-09,
                -1.8300235882229288e-08
            ],
            [
                1.1098228388020446,
                5.236100771509885
            ],
            [
                2.052428454127361,
                9.748774876045974
            ],
            [
                3.0066689823490083,
                14.395323284163267
            ],
            [
                4.011810869666281,
                19.293250374919136
            ]
        ]
    },
    "vehicle2": {
        "start_position": {
            "x": 24.05,
            "y": 121.0,
            "z": 0.5
        },
        "speed_kmh": 204.1739910397995,
        "yaw": -101.59710218364884,
        "trajectory": [
            [
                24.04999999999999,
                120.99999999999994
            ],
            [
                23.077211270109476,
                116.09543346502328
            ],
            [
                22.104422540218955,
                111.19086693004661
            ],
            [
                21.131633810328438,
                106.28630039506994
            ],
            [
                20.15884508043792,
                101.38173386009328
            ],
            [
                19.186056350547403,
                96.47716732511661
            ],
            [
                18.213267620656886,
                91.57260079013994
            ],
            [
                17.24047889076637,
                86.66803425516328
            ],
            [
                16.26769016087585,
                81.76346772018661
            ],
            [
                15.294901430985334,
                76.85890118520994
            ],
            [
                14.322112701094817,
                71.95433465023328
            ],
            [
                13.3493239712043,
                67.0497681152566
            ],
            [
                12.376535241313782,
                62.14520158027994
            ],
            [
                11.403746511423266,
                57.240635045303264
            ],
            [
                10.430957781532749,
                52.3360685103266
            ],
            [
                9.45816905164223,
                47.43150197534993
            ],
            [
                8.485380321751713,
                42.526935440373265
            ],
            [
                7.512591591861195,
                37.6223689053966
            ],
            [
                6.539802861970678,
                32.71780237041993
            ],
            [
                5.567014132080161,
                27.813235835443265
            ],
            [
                4.594225402189644,
                22.908669300466592
            ],
            [
                3.6214366722991267,
                18.004102765489925
            ],
            [
                2.6486479424086093,
                13.099536230513259
            ],
            [
                1.7656677484835108,
                8.647358463475376
            ],
            [
                0.8006857338008402,
                3.8879630170422086
            ],
            [
                -3.900867628914284e-09,
                -1.830023599325159e-08
            ],
            [
                -1.1759663950915744,
                -5.488182439035112
            ],
            [
                -2.3167131018196896,
                -10.75557975588381
            ],
            [
                -3.321179158318842,
                -15.330578426652025
            ],
            [
                -4.340199775700067,
                -19.8946732577208
            ]
        ]
    },
    "crash_point": {
        "x": 0.0,
        "y": 0.0
    }
}